{"actions":[],"apps":[{"acl":{"app":[],"field":[],"record":[]},"app":null,"category":{"categories":[],"useCategory":"false"},"form":{"layout":"[{\"id\":null,\"type\":\"ROW\",\"isSubTable\":false,\"var\":null,\"label\":null,\"controlList\":[{\"isVirtical\":true,\"styleMap\":{\"width\":193},\"type\":\"SINGLE_LINE_TEXT\",\"var\":\"店舗名\",\"label\":\"店舗名\"}]},{\"id\":null,\"type\":\"ROW\",\"isSubTable\":false,\"var\":null,\"label\":null,\"controlList\":[{\"isVirtical\":true,\"styleMap\":{\"width\":344},\"type\":\"USER_SELECT\",\"var\":\"コールセンタ\",\"label\":\"コールセンタ\"}]},{\"id\":null,\"type\":\"ROW\",\"isSubTable\":false,\"var\":null,\"label\":null,\"controlList\":[{\"isVirtical\":true,\"styleMap\":{\"width\":344},\"type\":\"USER_SELECT\",\"var\":\"コールセンタ上長\",\"label\":\"コールセンタ上長\"}]},{\"id\":null,\"type\":\"ROW\",\"isSubTable\":false,\"var\":null,\"label\":null,\"controlList\":[{\"isVirtical\":true,\"styleMap\":{\"width\":344},\"type\":\"USER_SELECT\",\"var\":\"店長\",\"label\":\"店長\"}]},{\"id\":null,\"type\":\"ROW\",\"isSubTable\":false,\"var\":null,\"label\":null,\"controlList\":[{\"isVirtical\":true,\"styleMap\":{\"width\":344},\"type\":\"USER_SELECT\",\"var\":\"上長\",\"label\":\"上長\"}]},{\"id\":null,\"type\":\"ROW\",\"isSubTable\":false,\"var\":null,\"label\":null,\"controlList\":[{\"isVirtical\":true,\"styleMap\":{\"width\":344},\"type\":\"USER_SELECT\",\"var\":\"その他A\",\"label\":\"その他A\"}]},{\"id\":null,\"type\":\"ROW\",\"isSubTable\":false,\"var\":null,\"label\":null,\"controlList\":[{\"isVirtical\":true,\"styleMap\":{\"width\":344},\"type\":\"USER_SELECT\",\"var\":\"その他B\",\"label\":\"その他B\"}]}]","revision":null},"iconMeta":null,"info":{"automaticallyChooseTitleComponent":"true","code":null,"decimalPrecision":"16","decimalScale":"4","description":"","enableBulkDeletion":"false","enableRecordReuse":"true","fiscalYearStartMonth":"4","iconKey":"APP89","iconType":"PRESET","jsFiles":null,"jsScope":"ALL","name":"アンケートアプリ(組織アプリ)","roundingMode":"HALF_EVEN","theme":"PLAIN","titleComponentLocalId":null,"useComment":"true","useHistory":"true","useThumbnail":"true"},"jsFiles":[],"notification":{"appNotifications":[{"events":["RECORD_COMMENT_ADDED"],"target":{"entityId":"5520359","entityType":"FIELD_ENTITY","includeSubs":"false"}},{"events":["RECORD_COMMENT_ADDED"],"target":{"entityId":"5520360","entityType":"FIELD_ENTITY","includeSubs":"false"}}],"recordNotifications":[],"reminderTimezone":null,"reminders":[],"useComment":"true","useReminder":"false"},"plugins":[],"reports":[],"resource":{"tables":[{"rows":[{"fields":[],"objectId":"0","subObjectId":"-1"}],"type":"AppName"},{"rows":[{"fields":[],"objectId":"0","subObjectId":"-1"}],"type":"AppDescription"},{"rows":[{"fields":[],"objectId":"5520358","subObjectId":"-1"},{"fields":[],"objectId":"5520359","subObjectId":"-1"},{"fields":[],"objectId":"5520360","subObjectId":"-1"},{"fields":[],"objectId":"5520361","subObjectId":"-1"},{"fields":[],"objectId":"5520362","subObjectId":"-1"},{"fields":[],"objectId":"5520363","subObjectId":"-1"},{"fields":[],"objectId":"5520364","subObjectId":"-1"},{"fields":[],"objectId":"5520365","subObjectId":"-1"},{"fields":[],"objectId":"5520366","subObjectId":"-1"},{"fields":[],"objectId":"5520374","subObjectId":"-1"},{"fields":[],"objectId":"5520375","subObjectId":"-1"},{"fields":[],"objectId":"5520377","subObjectId":"-1"},{"fields":[],"objectId":"5520378","subObjectId":"-1"},{"fields":[],"objectId":"5520379","subObjectId":"-1"},{"fields":[],"objectId":"5520380","subObjectId":"-1"}],"type":"FieldLabel"},{"rows":[{"fields":[],"objectId":"20","subObjectId":"-1"}],"type":"ViewName"},{"rows":[],"type":"CategoryName"}]},"schema":{"groups":[],"revision":null,"subTable":{},"table":{"fieldList":{"5520358":{"id":"5520358","label":"レコード番号","properties":{"noLabel":"false","required":"true"},"type":"RECORD_ID","var":"レコード番号"},"5520359":{"id":"5520359","label":"更新者","properties":{"noLabel":"false","required":"true"},"type":"MODIFIER","var":"更新者"},"5520360":{"id":"5520360","label":"作成者","properties":{"noLabel":"false","required":"true"},"type":"CREATOR","var":"作成者"},"5520361":{"id":"5520361","label":"更新日時","properties":{"noLabel":"false","required":"true"},"type":"MODIFIED_AT","var":"更新日時"},"5520362":{"id":"5520362","label":"作成日時","properties":{"noLabel":"false","required":"true"},"type":"CREATED_AT","var":"作成日時"},"5520363":{"id":"5520363","label":"ステータス","properties":{"noLabel":"false","required":"false"},"type":"STATUS","var":"ステータス"},"5520364":{"id":"5520364","label":"作業者","properties":{"noLabel":"false","required":"false"},"type":"STATUS_ASSIGNEE","var":"作業者"},"5520365":{"id":"5520365","label":"カテゴリー","properties":{"noLabel":"false","required":"false"},"type":"CATEGORY","var":"カテゴリー"},"5520366":{"id":"5520366","label":"店舗名","properties":{"defaultValue":"","expression":"","hideExpression":"false","max":null,"min":null,"noLabel":"false","required":"true","unique":"false"},"type":"SINGLE_LINE_TEXT","var":"店舗名"},"5520374":{"id":"5520374","label":"店長","properties":{"defaultEntities":[],"defaultSelect":[],"entities":[],"noLabel":"false","required":"false","select":[]},"type":"USER_SELECT","var":"店長"},"5520375":{"id":"5520375","label":"上長","properties":{"defaultEntities":[],"defaultSelect":[],"entities":[],"noLabel":"false","required":"false","select":[]},"type":"USER_SELECT","var":"上長"},"5520377":{"id":"5520377","label":"その他A","properties":{"defaultEntities":[],"defaultSelect":[],"entities":[],"noLabel":"false","required":"false","select":[]},"type":"USER_SELECT","var":"その他A"},"5520378":{"id":"5520378","label":"その他B","properties":{"defaultEntities":[],"defaultSelect":[],"entities":[],"noLabel":"false","required":"false","select":[]},"type":"USER_SELECT","var":"その他B"},"5520379":{"id":"5520379","label":"コールセンタ","properties":{"defaultEntities":[],"defaultSelect":[],"entities":[],"noLabel":"false","required":"false","select":[]},"type":"USER_SELECT","var":"コールセンタ"},"5520380":{"id":"5520380","label":"コールセンタ上長","properties":{"defaultEntities":[],"defaultSelect":[],"entities":[],"noLabel":"false","required":"false","select":[]},"type":"USER_SELECT","var":"コールセンタ上長"}},"id":"1","label":"__ROOT__","properties":null,"var":"__ROOT__"}},"settingsNotesForm":{"content":null,"willBeInherited":null},"status":{"actions":[],"filters":[],"initialStateId":null,"states":[],"useStatus":"false"},"uuid":"253b703a-6984-4d9d-bfa0-012615e688c2","views":[{"advancedMode":null,"builtinType":"ALL","device":null,"fields":[{"row":[{"columnWidth":null,"id":"5520358"},{"columnWidth":null,"id":"5520366"},{"columnWidth":null,"id":"5520374"},{"columnWidth":null,"id":"5520375"},{"columnWidth":null,"id":"5520377"},{"columnWidth":null,"id":"5520378"},{"columnWidth":null,"id":"5520379"},{"columnWidth":null,"id":"5520380"}]}],"filter":{"category":null,"offset":null,"order":[],"q":null,"size":null,"sort":[]},"html":null,"keyFieldId":null,"name":"（すべて）","pager":null,"revision":null,"titleFieldId":null,"view":"20","viewType":"LIST"}]}],"description":"","iconKey":"APP89","iconMeta":null,"iconSrcAppId":"253b703a-6984-4d9d-bfa0-012615e688c2","iconType":"PRESET","imagesMeta":[],"lookups":[],"name":"アンケートアプリ(組織アプリ)","references":[],"version":"40"}