{"actions":[],"apps":[{"acl":{"app":[],"field":[],"record":[]},"app":null,"category":{"categories":[],"useCategory":"false"},"form":{"layout":"[{\"id\":null,\"type\":\"ROW\",\"isSubTable\":false,\"var\":null,\"label\":null,\"controlList\":[{\"isVirtical\":true,\"styleMap\":{\"width\":193},\"type\":\"SINGLE_LINE_TEXT\",\"var\":\"title\",\"label\":\"タイトル\"}]},{\"id\":null,\"type\":\"ROW\",\"isSubTable\":false,\"var\":null,\"label\":null,\"controlList\":[{\"isVirtical\":true,\"styleMap\":{\"width\":117},\"type\":\"DATE\",\"var\":\"date\",\"label\":\"日付\"}]},{\"id\":null,\"type\":\"ROW\",\"isSubTable\":false,\"var\":null,\"label\":null,\"controlList\":[{\"isVirtical\":true,\"styleMap\":{},\"canvasData\":[{\"id\":null,\"type\":\"ROW\",\"isSubTable\":false,\"var\":null,\"label\":null,\"controlList\":[{\"isVirtical\":true,\"styleMap\":{\"width\":344},\"type\":\"USER_SELECT\",\"var\":\"ユーザー選択\",\"label\":\"ユーザー選択\"}]},{\"id\":null,\"type\":\"ROW\",\"isSubTable\":false,\"var\":null,\"label\":null,\"controlList\":[{\"isVirtical\":true,\"styleMap\":{\"width\":344},\"type\":\"USER_SELECT\",\"var\":\"AMユーザー選択\",\"label\":\"AMユーザー選択\"}]},{\"id\":null,\"type\":\"ROW\",\"isSubTable\":false,\"var\":null,\"label\":null,\"controlList\":[{\"isVirtical\":true,\"styleMap\":{\"width\":344},\"type\":\"USER_SELECT\",\"var\":\"上長ユーザー選択\",\"label\":\"上長ユーザー選択\"}]}],\"type\":\"GROUP\",\"var\":\"グループ\",\"label\":\"グループ\"}]},{\"id\":null,\"type\":\"ROW\",\"isSubTable\":false,\"var\":null,\"label\":null,\"controlList\":[{\"isVirtical\":true,\"styleMap\":{\"width\":193},\"type\":\"SINGLE_LINE_TEXT\",\"var\":\"tempo\",\"label\":\"店舗名\"}]},{\"id\":null,\"type\":\"ROW\",\"isSubTable\":false,\"var\":null,\"label\":null,\"controlList\":[{\"isVirtical\":true,\"styleMap\":{\"width\":315,\"height\":163,\"innerHeight\":125},\"type\":\"MULTIPLE_LINE_TEXT\",\"var\":\"body\",\"label\":\"本文\"}]},{\"id\":null,\"type\":\"ROW\",\"isSubTable\":false,\"var\":null,\"label\":null,\"controlList\":[{\"isVirtical\":true,\"styleMap\":{\"width\":136},\"type\":\"CREATOR\",\"var\":\"作成者\",\"label\":\"作成者\"}]},{\"id\":null,\"type\":\"ROW\",\"isSubTable\":false,\"var\":null,\"label\":null,\"controlList\":[{\"isVirtical\":true,\"styleMap\":{\"width\":136},\"type\":\"MODIFIER\",\"var\":\"更新者\",\"label\":\"更新者\"}]}]","revision":null},"iconMeta":null,"info":{"automaticallyChooseTitleComponent":"true","code":null,"decimalPrecision":"16","decimalScale":"4","description":"","enableBulkDeletion":"true","enableRecordReuse":"true","fiscalYearStartMonth":"4","iconKey":"APP75","iconType":"PRESET","jsFiles":null,"jsScope":"ALL","name":"通知アプリ(デモ)","roundingMode":"HALF_EVEN","theme":"PLAIN","titleComponentLocalId":null,"useComment":"true","useHistory":"true","useThumbnail":"true"},"jsFiles":[{"jsFileMetas":[{"internalName":null,"locationType":"URL","mime":null,"name":null,"url":"https://js.cybozu.com/jquery/2.2.4/jquery.min.js"},{"internalName":null,"locationType":"URL","mime":null,"name":null,"url":"https://js.cybozu.com/jquery/3.7.0/jquery.min.js"},{"internalName":null,"locationType":"BLOB","mime":"text/javascript","name":"メッセージ送信.js","url":null}],"jsType":"DESKTOP"}],"notification":{"appNotifications":[{"events":["RECORD_ADDED","RECORD_COMMENT_ADDED","RECORD_IMPORT_DONE","RECORD_STATUS_UPDATED","RECORD_UPDATED"],"target":{"entityId":"7532782697181632513","entityType":"GROUP","includeSubs":"false"}},{"events":[],"target":{"entityId":"5520081","entityType":"FIELD_ENTITY","includeSubs":"false"}},{"events":[],"target":{"entityId":"5520082","entityType":"FIELD_ENTITY","includeSubs":"false"}},{"events":["RECORD_STATUS_UPDATED"],"target":{"entityId":"5520086","entityType":"FIELD_ENTITY","includeSubs":"false"}}],"recordNotifications":[],"reminderTimezone":null,"reminders":[],"useComment":"false","useReminder":"false"},"plugins":[{"enabled":"true","id":"fdeplpmkengkldpdlaiegpokgmaabkkb"}],"reports":[],"resource":{"tables":[{"rows":[{"fields":[],"objectId":"0","subObjectId":"-1"}],"type":"AppName"},{"rows":[{"fields":[],"objectId":"0","subObjectId":"-1"}],"type":"AppDescription"},{"rows":[{"fields":[],"objectId":"5520080","subObjectId":"-1"},{"fields":[],"objectId":"5520081","subObjectId":"-1"},{"fields":[],"objectId":"5520082","subObjectId":"-1"},{"fields":[],"objectId":"5520083","subObjectId":"-1"},{"fields":[],"objectId":"5520084","subObjectId":"-1"},{"fields":[],"objectId":"5520085","subObjectId":"-1"},{"fields":[],"objectId":"5520086","subObjectId":"-1"},{"fields":[],"objectId":"5520087","subObjectId":"-1"},{"fields":[],"objectId":"5520088","subObjectId":"-1"},{"fields":[],"objectId":"5520089","subObjectId":"-1"},{"fields":[],"objectId":"5520090","subObjectId":"-1"},{"fields":[],"objectId":"5520119","subObjectId":"-1"},{"fields":[],"objectId":"5520131","subObjectId":"-1"},{"fields":[],"objectId":"5520132","subObjectId":"-1"},{"fields":[],"objectId":"5520133","subObjectId":"-1"}],"type":"FieldLabel"},{"rows":[{"fields":[],"objectId":"5520284","subObjectId":"-1"},{"fields":[],"objectId":"5520118","subObjectId":"-1"},{"fields":[],"objectId":"20","subObjectId":"-1"}],"type":"ViewName"},{"rows":[{"fields":[],"objectId":"5520107","subObjectId":"-1"},{"fields":[],"objectId":"5520108","subObjectId":"-1"},{"fields":[],"objectId":"5520109","subObjectId":"-1"},{"fields":[],"objectId":"5520110","subObjectId":"-1"},{"fields":[],"objectId":"5520136","subObjectId":"-1"},{"fields":[],"objectId":"5520137","subObjectId":"-1"},{"fields":[],"objectId":"5520138","subObjectId":"-1"},{"fields":[],"objectId":"5520139","subObjectId":"-1"},{"fields":[],"objectId":"5520140","subObjectId":"-1"},{"fields":[],"objectId":"5520141","subObjectId":"-1"},{"fields":[],"objectId":"5520142","subObjectId":"-1"},{"fields":[],"objectId":"5520143","subObjectId":"-1"},{"fields":[],"objectId":"5520144","subObjectId":"-1"},{"fields":[],"objectId":"5520145","subObjectId":"-1"},{"fields":[],"objectId":"5520146","subObjectId":"-1"},{"fields":[],"objectId":"5520147","subObjectId":"-1"},{"fields":[],"objectId":"5520148","subObjectId":"-1"},{"fields":[],"objectId":"5520149","subObjectId":"-1"},{"fields":[],"objectId":"5520150","subObjectId":"-1"},{"fields":[],"objectId":"5520151","subObjectId":"-1"},{"fields":[],"objectId":"5520152","subObjectId":"-1"},{"fields":[],"objectId":"5520153","subObjectId":"-1"},{"fields":[],"objectId":"5520273","subObjectId":"-1"},{"fields":[],"objectId":"5520274","subObjectId":"-1"}],"type":"StatusState"},{"rows":[{"fields":[],"objectId":"5520114","subObjectId":"-1"},{"fields":[],"objectId":"5520278","subObjectId":"-1"}],"type":"StatusAction"},{"rows":[],"type":"CategoryName"}]},"schema":{"groups":[{"childLocalId":"5520119","vtComponentLocalId":"5520279"},{"childLocalId":"5520131","vtComponentLocalId":"5520279"},{"childLocalId":"5520132","vtComponentLocalId":"5520279"}],"revision":null,"subTable":{},"table":{"fieldList":{"5520080":{"id":"5520080","label":"レコード番号","properties":{"noLabel":"false","required":"true"},"type":"RECORD_ID","var":"レコード番号"},"5520081":{"id":"5520081","label":"更新者","properties":{"noLabel":"false","required":"true"},"type":"MODIFIER","var":"更新者"},"5520082":{"id":"5520082","label":"作成者","properties":{"noLabel":"false","required":"true"},"type":"CREATOR","var":"作成者"},"5520083":{"id":"5520083","label":"更新日時","properties":{"noLabel":"false","required":"true"},"type":"MODIFIED_AT","var":"更新日時"},"5520084":{"id":"5520084","label":"作成日時","properties":{"noLabel":"false","required":"true"},"type":"CREATED_AT","var":"作成日時"},"5520085":{"id":"5520085","label":"ステータス","properties":{"noLabel":"false","required":"false"},"type":"STATUS","var":"ステータス"},"5520086":{"id":"5520086","label":"作業者","properties":{"noLabel":"false","required":"false"},"type":"STATUS_ASSIGNEE","var":"作業者"},"5520087":{"id":"5520087","label":"カテゴリー","properties":{"noLabel":"false","required":"false"},"type":"CATEGORY","var":"カテゴリー"},"5520088":{"id":"5520088","label":"タイトル","properties":{"defaultValue":"アンケートアプリ(ワークフロー)","expression":"","hideExpression":"false","max":null,"min":null,"noLabel":"false","required":"true","unique":"false"},"type":"SINGLE_LINE_TEXT","var":"title"},"5520089":{"id":"5520089","label":"本文","properties":{"defaultValue":"■本日の業務\n■本日の学び・感想\n■相談・連絡","noLabel":"false","required":"true"},"type":"MULTIPLE_LINE_TEXT","var":"body"},"5520090":{"id":"5520090","label":"日付","properties":{"defaultExpression":"NOW","defaultValue":null,"noLabel":"false","required":"false","unique":"false"},"type":"DATE","var":"date"},"5520119":{"id":"5520119","label":"ユーザー選択","properties":{"defaultEntities":[],"defaultSelect":[],"entities":[],"noLabel":"false","required":"false","select":[]},"type":"USER_SELECT","var":"ユーザー選択"},"5520131":{"id":"5520131","label":"AMユーザー選択","properties":{"defaultEntities":[],"defaultSelect":[],"entities":[],"noLabel":"false","required":"false","select":[]},"type":"USER_SELECT","var":"AMユーザー選択"},"5520132":{"id":"5520132","label":"上長ユーザー選択","properties":{"defaultEntities":[],"defaultSelect":[],"entities":[],"noLabel":"false","required":"false","select":[]},"type":"USER_SELECT","var":"上長ユーザー選択"},"5520133":{"id":"5520133","label":"店舗名","properties":{"defaultValue":"虎ノ門店","expression":"","hideExpression":"false","max":null,"min":null,"noLabel":"false","required":"false","unique":"false"},"type":"SINGLE_LINE_TEXT","var":"tempo"},"5520279":{"id":"5520279","label":"グループ","properties":{"noLabel":"false","open":"false","required":"false"},"type":"GROUP","var":"グループ"}},"id":"1","label":"__ROOT__","properties":null,"var":"__ROOT__"}},"settingsNotesForm":{"content":null,"willBeInherited":null},"status":{"actions":[{"app":null,"assignees":[],"filter":"5520111","from":"5520107","fromLabel":null,"id":"5520114","label":"申請","record":null,"revision":null,"to":"5520273","toApprovalType":null,"toLabel":null},{"app":null,"assignees":[],"filter":"5520276","from":"5520273","fromLabel":null,"id":"5520278","label":"完了","record":null,"revision":null,"to":"5520274","toApprovalType":null,"toLabel":null}],"filters":[{"condition":"","id":"5520111","state":"5520107"},{"condition":"","id":"5520276","state":"5520273"}],"initialStateId":"5520107","states":[{"approvalType":"ONE","assignees":[{"entityId":"5520082","entityName":"作成者","entityType":"FIELD_ENTITY","includeSubs":"false"}],"id":"5520107","initial":true,"label":"入力開始","valid":true},{"approvalType":"ONE","assignees":[],"id":"5520153","initial":false,"label":"処理開始","valid":true},{"approvalType":"ONE","assignees":[{"entityId":"5520132","entityName":"上長ユーザー選択","entityType":"FIELD_ENTITY","includeSubs":"false"}],"id":"5520273","initial":false,"label":"申請","valid":true},{"approvalType":"ONE","assignees":[],"id":"5520274","initial":false,"label":"完了","valid":true},{"approvalType":"ANY","assignees":[],"id":"5520108","initial":false,"label":"コールセンター入力開始","valid":false},{"approvalType":"ANY","assignees":[],"id":"5520109","initial":false,"label":"コールセンター上長へ申請","valid":false},{"approvalType":"ANY","assignees":[],"id":"5520110","initial":false,"label":"【承認】コールセンター上長","valid":false},{"approvalType":"ONE","assignees":[],"id":"5520136","initial":false,"label":"【否認】コールセンター上長","valid":false},{"approvalType":"ANY","assignees":[],"id":"5520137","initial":false,"label":"上長へ申請","valid":false},{"approvalType":"ONE","assignees":[],"id":"5520138","initial":false,"label":"【承認】上長","valid":false},{"approvalType":"ANY","assignees":[],"id":"5520139","initial":false,"label":"【否認】上長","valid":false},{"approvalType":"ANY","assignees":[],"id":"5520140","initial":false,"label":"コールセンター上長へ申請2","valid":false},{"approvalType":"ONE","assignees":[],"id":"5520141","initial":false,"label":"【承認２】コールセンター上長","valid":false},{"approvalType":"ONE","assignees":[],"id":"5520142","initial":false,"label":"【否認2】コールセンター上長","valid":false},{"approvalType":"ONE","assignees":[],"id":"5520143","initial":false,"label":"お客様の返信内容を申請","valid":false},{"approvalType":"ANY","assignees":[],"id":"5520144","initial":false,"label":"【承認3】コールセンター上長","valid":false},{"approvalType":"ANY","assignees":[],"id":"5520145","initial":false,"label":"【否認3】コールセンター上長","valid":false},{"approvalType":"ANY","assignees":[],"id":"5520146","initial":false,"label":"上長へ申請2","valid":false},{"approvalType":"ONE","assignees":[],"id":"5520147","initial":false,"label":"【承認2】上長","valid":false},{"approvalType":"ONE","assignees":[],"id":"5520148","initial":false,"label":"【否認2】上長","valid":false},{"approvalType":"ONE","assignees":[],"id":"5520149","initial":false,"label":"Close","valid":false},{"approvalType":"ONE","assignees":[],"id":"5520150","initial":false,"label":"アンケート報告書申請中","valid":false},{"approvalType":"ONE","assignees":[],"id":"5520151","initial":false,"label":"アンケート報告書申請中2","valid":false},{"approvalType":"ONE","assignees":[],"id":"5520152","initial":false,"label":"【承認】アンケート報告書上長","valid":false}],"useStatus":"true"},"uuid":"39136711-6d0f-4956-8df0-a3fc50b9ed10","views":[{"advancedMode":"false","builtinType":null,"device":null,"fields":[{"row":[{"columnWidth":null,"id":"5520080"},{"columnWidth":null,"id":"5520133"},{"columnWidth":null,"id":"5520088"},{"columnWidth":null,"id":"5520090"},{"columnWidth":null,"id":"5520089"},{"columnWidth":null,"id":"5520086"},{"columnWidth":null,"id":"5520119"},{"columnWidth":null,"id":"5520131"},{"columnWidth":null,"id":"5520132"},{"columnWidth":null,"id":"5520085"}]}],"filter":{"category":null,"offset":null,"order":["DESC"],"q":null,"size":null,"sort":["f5520080"]},"html":null,"keyFieldId":null,"name":"一覧1","pager":null,"revision":null,"titleFieldId":null,"view":"5520284","viewType":"LIST"},{"advancedMode":"false","builtinType":"ASSIGN","device":null,"fields":[{"row":[{"columnWidth":null,"id":"5520080"},{"columnWidth":null,"id":"5520088"},{"columnWidth":null,"id":"5520089"},{"columnWidth":null,"id":"5520090"},{"columnWidth":null,"id":"5520085"},{"columnWidth":null,"id":"5520086"}]}],"filter":{"category":null,"offset":null,"order":[],"q":"f5520086 in (LOGINUSER())","size":null,"sort":[]},"html":null,"keyFieldId":null,"name":"（作業者が自分）","pager":null,"revision":null,"titleFieldId":null,"view":"5520118","viewType":"LIST"},{"advancedMode":null,"builtinType":"ALL","device":null,"fields":[{"row":[{"columnWidth":null,"id":"5520080"},{"columnWidth":null,"id":"5520088"},{"columnWidth":null,"id":"5520089"},{"columnWidth":null,"id":"5520090"},{"columnWidth":null,"id":"5520085"},{"columnWidth":null,"id":"5520086"},{"columnWidth":null,"id":"5520119"},{"columnWidth":null,"id":"5520131"},{"columnWidth":null,"id":"5520132"},{"columnWidth":null,"id":"5520133"}]}],"filter":{"category":null,"offset":null,"order":[],"q":null,"size":null,"sort":[]},"html":null,"keyFieldId":null,"name":"（すべて）","pager":null,"revision":null,"titleFieldId":null,"view":"20","viewType":"LIST"}]}],"description":"","iconKey":"APP75","iconMeta":null,"iconSrcAppId":"39136711-6d0f-4956-8df0-a3fc50b9ed10","iconType":"PRESET","imagesMeta":[],"lookups":[],"name":"通知アプリ(デモ)","references":[],"version":"40"}