{"actions":[],"apps":[{"acl":{"app":[],"field":[],"record":[]},"app":null,"category":{"categories":[],"useCategory":"false"},"form":{"layout":"[{\"id\":null,\"type\":\"ROW\",\"isSubTable\":false,\"var\":null,\"label\":null,\"controlList\":[{\"isVirtical\":true,\"styleMap\":{\"width\":193},\"type\":\"DECIMAL\",\"var\":\"店番\",\"label\":\"店番\"},{\"isVirtical\":true,\"styleMap\":{\"width\":193},\"type\":\"SINGLE_LINE_TEXT\",\"var\":\"店名\",\"label\":\"店名\"},{\"isVirtical\":true,\"styleMap\":{\"width\":193},\"type\":\"DECIMAL\",\"var\":\"順番\",\"label\":\"順番\"}]},{\"id\":null,\"type\":\"ROW\",\"isSubTable\":false,\"var\":null,\"label\":null,\"controlList\":[{\"isVirtical\":true,\"styleMap\":{\"width\":193},\"type\":\"SINGLE_LINE_TEXT\",\"var\":\"AM\",\"label\":\"AM\"},{\"isVirtical\":true,\"styleMap\":{\"width\":193},\"type\":\"SINGLE_LINE_TEXT\",\"var\":\"AM電話番号\",\"label\":\"AM電話番号\"}]},{\"id\":null,\"type\":\"ROW\",\"isSubTable\":false,\"var\":null,\"label\":null,\"controlList\":[{\"isVirtical\":true,\"styleMap\":{\"width\":193},\"type\":\"SINGLE_LINE_TEXT\",\"var\":\"オーナー\",\"label\":\"オーナー\"}]},{\"id\":null,\"type\":\"ROW\",\"isSubTable\":false,\"var\":null,\"label\":null,\"controlList\":[{\"isVirtical\":true,\"styleMap\":{\"width\":344},\"type\":\"SINGLE_LINE_TEXT\",\"var\":\"ガルーン宛先に店舗を入れるor入れない\",\"label\":\"ガルーン宛先に店舗を「入れる」or「入れない」\"}]},{\"id\":null,\"type\":\"ROW\",\"isSubTable\":false,\"var\":null,\"label\":null,\"controlList\":[{\"label\":\"\\u003Cdiv\\u003E編集権限【有】\\u003C/div\\u003E\",\"styleMap\":{\"width\":130},\"formatted\":\"\\u003Cdiv\\u003E編集権限【有】\\u003C/div\\u003E\",\"type\":\"LABEL\"},{\"isVirtical\":true,\"styleMap\":{\"width\":344},\"type\":\"USER_SELECT\",\"var\":\"ユーザー1\",\"label\":\"ユーザー1\"},{\"isVirtical\":true,\"styleMap\":{\"width\":193},\"type\":\"DECIMAL\",\"var\":\"Garoonユーザー1\",\"label\":\"Garoonユーザー1\"}]},{\"id\":null,\"type\":\"ROW\",\"isSubTable\":false,\"var\":null,\"label\":null,\"controlList\":[{\"label\":\"\\u003Cdiv\\u003E編集権限【有】\\u003C/div\\u003E\",\"styleMap\":{\"width\":130},\"formatted\":\"\\u003Cdiv\\u003E編集権限【有】\\u003C/div\\u003E\",\"type\":\"LABEL\"},{\"isVirtical\":true,\"styleMap\":{\"width\":344},\"type\":\"USER_SELECT\",\"var\":\"ユーザー2\",\"label\":\"ユーザー2\"},{\"isVirtical\":true,\"styleMap\":{\"width\":193},\"type\":\"DECIMAL\",\"var\":\"Garoonユーザー2\",\"label\":\"Garoonユーザー2\"}]},{\"id\":null,\"type\":\"ROW\",\"isSubTable\":false,\"var\":null,\"label\":null,\"controlList\":[{\"label\":\"\\u003Cdiv\\u003E編集権限【有】\\u003C/div\\u003E\",\"styleMap\":{\"width\":130},\"formatted\":\"\\u003Cdiv\\u003E編集権限【有】\\u003C/div\\u003E\",\"type\":\"LABEL\"},{\"isVirtical\":true,\"styleMap\":{\"width\":344},\"type\":\"USER_SELECT\",\"var\":\"ユーザー3\",\"label\":\"ユーザー3\"},{\"isVirtical\":true,\"styleMap\":{\"width\":193},\"type\":\"DECIMAL\",\"var\":\"Garoonユーザー3\",\"label\":\"Garoonユーザー3\"}]},{\"id\":null,\"type\":\"ROW\",\"isSubTable\":false,\"var\":null,\"label\":null,\"controlList\":[{\"label\":\"\\u003Cdiv\\u003E編集権限【有】\\u003C/div\\u003E\",\"styleMap\":{\"width\":130},\"formatted\":\"\\u003Cdiv\\u003E編集権限【有】\\u003C/div\\u003E\",\"type\":\"LABEL\"},{\"isVirtical\":true,\"styleMap\":{\"width\":344},\"type\":\"USER_SELECT\",\"var\":\"ユーザー4\",\"label\":\"ユーザー4\"},{\"isVirtical\":true,\"styleMap\":{\"width\":193},\"type\":\"DECIMAL\",\"var\":\"Garoonユーザー4\",\"label\":\"Garoonユーザー4\"}]},{\"id\":null,\"type\":\"ROW\",\"isSubTable\":false,\"var\":null,\"label\":null,\"controlList\":[{\"label\":\"\\u003Cdiv\\u003E編集権限【有】\\u003C/div\\u003E\",\"styleMap\":{\"width\":130},\"formatted\":\"\\u003Cdiv\\u003E編集権限【有】\\u003C/div\\u003E\",\"type\":\"LABEL\"},{\"isVirtical\":true,\"styleMap\":{\"width\":344},\"type\":\"USER_SELECT\",\"var\":\"ユーザー5\",\"label\":\"ユーザー5\"},{\"isVirtical\":true,\"styleMap\":{\"width\":193},\"type\":\"DECIMAL\",\"var\":\"Garoonユーザー5\",\"label\":\"Garoonユーザー5\"}]},{\"id\":null,\"type\":\"ROW\",\"isSubTable\":false,\"var\":null,\"label\":null,\"controlList\":[{\"label\":\"\\u003Cdiv\\u003E編集権限【有】\\u003C/div\\u003E\",\"styleMap\":{\"width\":130},\"formatted\":\"\\u003Cdiv\\u003E編集権限【有】\\u003C/div\\u003E\",\"type\":\"LABEL\"},{\"isVirtical\":true,\"styleMap\":{\"width\":344},\"type\":\"USER_SELECT\",\"var\":\"ユーザー6\",\"label\":\"ユーザー6\"},{\"isVirtical\":true,\"styleMap\":{\"width\":193},\"type\":\"DECIMAL\",\"var\":\"Garoonユーザー6\",\"label\":\"Garoonユーザー6\"}]},{\"id\":null,\"type\":\"ROW\",\"isSubTable\":false,\"var\":null,\"label\":null,\"controlList\":[{\"label\":\"\\u003Cdiv\\u003E編集権限【有】\\u003C/div\\u003E\",\"styleMap\":{\"width\":130},\"formatted\":\"\\u003Cdiv\\u003E編集権限【有】\\u003C/div\\u003E\",\"type\":\"LABEL\"},{\"isVirtical\":true,\"styleMap\":{\"width\":344},\"type\":\"USER_SELECT\",\"var\":\"ユーザー7\",\"label\":\"ユーザー7\"},{\"isVirtical\":true,\"styleMap\":{\"width\":193},\"type\":\"DECIMAL\",\"var\":\"Garoonユーザー7\",\"label\":\"Garoonユーザー7\"}]},{\"id\":null,\"type\":\"ROW\",\"isSubTable\":false,\"var\":null,\"label\":null,\"controlList\":[{\"label\":\"\\u003Cdiv\\u003E編集権限【有】\\u003C/div\\u003E\",\"styleMap\":{\"width\":130},\"formatted\":\"\\u003Cdiv\\u003E編集権限【有】\\u003C/div\\u003E\",\"type\":\"LABEL\"},{\"isVirtical\":true,\"styleMap\":{\"width\":344},\"type\":\"USER_SELECT\",\"var\":\"ユーザー8\",\"label\":\"ユーザー8\"},{\"isVirtical\":true,\"styleMap\":{\"width\":193},\"type\":\"DECIMAL\",\"var\":\"Garoonユーザー8\",\"label\":\"Garoonユーザー8\"}]},{\"id\":null,\"type\":\"ROW\",\"isSubTable\":false,\"var\":null,\"label\":null,\"controlList\":[{\"label\":\"\\u003Cdiv\\u003E編集権限【有】\\u003C/div\\u003E\",\"styleMap\":{\"width\":130},\"formatted\":\"\\u003Cdiv\\u003E編集権限【有】\\u003C/div\\u003E\",\"type\":\"LABEL\"},{\"isVirtical\":true,\"styleMap\":{\"width\":344},\"type\":\"USER_SELECT\",\"var\":\"ユーザー9\",\"label\":\"ユーザー9\"},{\"isVirtical\":true,\"styleMap\":{\"width\":193},\"type\":\"DECIMAL\",\"var\":\"Garoonユーザー9\",\"label\":\"Garoonユーザー9\"}]},{\"id\":null,\"type\":\"ROW\",\"isSubTable\":false,\"var\":null,\"label\":null,\"controlList\":[{\"label\":\"\\u003Cdiv\\u003E編集権限【有】\\u003C/div\\u003E\",\"styleMap\":{\"width\":130},\"formatted\":\"\\u003Cdiv\\u003E編集権限【有】\\u003C/div\\u003E\",\"type\":\"LABEL\"},{\"isVirtical\":true,\"styleMap\":{\"width\":344},\"type\":\"USER_SELECT\",\"var\":\"ユーザー10\",\"label\":\"ユーザー10\"},{\"isVirtical\":true,\"styleMap\":{\"width\":193},\"type\":\"DECIMAL\",\"var\":\"Garoonユーザー10\",\"label\":\"Garoonユーザー10\"}]},{\"id\":null,\"type\":\"ROW\",\"isSubTable\":false,\"var\":null,\"label\":null,\"controlList\":[{\"label\":\"\\u003Cdiv\\u003E編集権限【有】\\u003C/div\\u003E\",\"styleMap\":{\"width\":130},\"formatted\":\"\\u003Cdiv\\u003E編集権限【有】\\u003C/div\\u003E\",\"type\":\"LABEL\"},{\"isVirtical\":true,\"styleMap\":{\"width\":344},\"type\":\"USER_SELECT\",\"var\":\"ユーザー11\",\"label\":\"ユーザー11\"},{\"isVirtical\":true,\"styleMap\":{\"width\":193},\"type\":\"DECIMAL\",\"var\":\"Garoonユーザー11\",\"label\":\"Garoonユーザー11\"}]},{\"id\":null,\"type\":\"ROW\",\"isSubTable\":false,\"var\":null,\"label\":null,\"controlList\":[{\"label\":\"\\u003Cdiv\\u003E編集権限【有】\\u003C/div\\u003E\",\"styleMap\":{\"width\":130},\"formatted\":\"\\u003Cdiv\\u003E編集権限【有】\\u003C/div\\u003E\",\"type\":\"LABEL\"},{\"isVirtical\":true,\"styleMap\":{\"width\":344},\"type\":\"USER_SELECT\",\"var\":\"ユーザー12\",\"label\":\"ユーザー12\"},{\"isVirtical\":true,\"styleMap\":{\"width\":193},\"type\":\"DECIMAL\",\"var\":\"Garoonユーザー12\",\"label\":\"Garoonユーザー12\"}]},{\"id\":null,\"type\":\"ROW\",\"isSubTable\":false,\"var\":null,\"label\":null,\"controlList\":[{\"label\":\"\\u003Cdiv\\u003E編集権限【有】\\u003C/div\\u003E\",\"styleMap\":{\"width\":130},\"formatted\":\"\\u003Cdiv\\u003E編集権限【有】\\u003C/div\\u003E\",\"type\":\"LABEL\"},{\"isVirtical\":true,\"styleMap\":{\"width\":344},\"type\":\"USER_SELECT\",\"var\":\"ユーザー13\",\"label\":\"ユーザー13\"},{\"isVirtical\":true,\"styleMap\":{\"width\":193},\"type\":\"DECIMAL\",\"var\":\"Garoonユーザー13\",\"label\":\"Garoonユーザー13\"}]},{\"id\":null,\"type\":\"ROW\",\"isSubTable\":false,\"var\":null,\"label\":null,\"controlList\":[{\"label\":\"\\u003Cdiv\\u003E編集権限【有】\\u003C/div\\u003E\",\"styleMap\":{\"width\":130},\"formatted\":\"\\u003Cdiv\\u003E編集権限【有】\\u003C/div\\u003E\",\"type\":\"LABEL\"},{\"isVirtical\":true,\"styleMap\":{\"width\":344},\"type\":\"USER_SELECT\",\"var\":\"ユーザー14\",\"label\":\"ユーザー14\"},{\"isVirtical\":true,\"styleMap\":{\"width\":193},\"type\":\"DECIMAL\",\"var\":\"Garoonユーザー14\",\"label\":\"Garoonユーザー14\"}]},{\"id\":null,\"type\":\"ROW\",\"isSubTable\":false,\"var\":null,\"label\":null,\"controlList\":[{\"label\":\"\\u003Cdiv\\u003E編集権限【有】\\u003C/div\\u003E\",\"styleMap\":{\"width\":130},\"formatted\":\"\\u003Cdiv\\u003E編集権限【有】\\u003C/div\\u003E\",\"type\":\"LABEL\"},{\"isVirtical\":true,\"styleMap\":{\"width\":344},\"type\":\"USER_SELECT\",\"var\":\"ユーザー15\",\"label\":\"ユーザー15\"},{\"isVirtical\":true,\"styleMap\":{\"width\":193},\"type\":\"DECIMAL\",\"var\":\"Garoonユーザー15\",\"label\":\"Garoonユーザー15\"}]},{\"id\":null,\"type\":\"ROW\",\"isSubTable\":false,\"var\":null,\"label\":null,\"controlList\":[{\"label\":\"\\u003Cdiv\\u003E編集権限【有】\\u003C/div\\u003E\",\"styleMap\":{\"width\":130},\"formatted\":\"\\u003Cdiv\\u003E編集権限【有】\\u003C/div\\u003E\",\"type\":\"LABEL\"},{\"isVirtical\":true,\"styleMap\":{\"width\":344},\"type\":\"USER_SELECT\",\"var\":\"ユーザー16\",\"label\":\"ユーザー16\"},{\"isVirtical\":true,\"styleMap\":{\"width\":193},\"type\":\"DECIMAL\",\"var\":\"Garoonユーザー16\",\"label\":\"Garoonユーザー16\"}]},{\"id\":null,\"type\":\"ROW\",\"isSubTable\":false,\"var\":null,\"label\":null,\"controlList\":[{\"label\":\"\\u003Cdiv\\u003E編集権限【有】\\u003C/div\\u003E\",\"styleMap\":{\"width\":130},\"formatted\":\"\\u003Cdiv\\u003E編集権限【有】\\u003C/div\\u003E\",\"type\":\"LABEL\"},{\"isVirtical\":true,\"styleMap\":{\"width\":344},\"type\":\"USER_SELECT\",\"var\":\"ユーザー17\",\"label\":\"ユーザー17\"},{\"isVirtical\":true,\"styleMap\":{\"width\":193},\"type\":\"DECIMAL\",\"var\":\"Garoonユーザー17\",\"label\":\"Garoonユーザー17\"}]},{\"id\":null,\"type\":\"ROW\",\"isSubTable\":false,\"var\":null,\"label\":null,\"controlList\":[{\"label\":\"\\u003Cdiv\\u003E編集権限【有】\\u003C/div\\u003E\",\"styleMap\":{\"width\":130},\"formatted\":\"\\u003Cdiv\\u003E編集権限【有】\\u003C/div\\u003E\",\"type\":\"LABEL\"},{\"isVirtical\":true,\"styleMap\":{\"width\":344},\"type\":\"USER_SELECT\",\"var\":\"ユーザー18\",\"label\":\"ユーザー18\"},{\"isVirtical\":true,\"styleMap\":{\"width\":193},\"type\":\"DECIMAL\",\"var\":\"Garoonユーザー18\",\"label\":\"Garoonユーザー18\"}]},{\"id\":null,\"type\":\"ROW\",\"isSubTable\":false,\"var\":null,\"label\":null,\"controlList\":[{\"label\":\"\\u003Cdiv\\u003E編集権限【有】\\u003C/div\\u003E\",\"styleMap\":{\"width\":130},\"formatted\":\"\\u003Cdiv\\u003E編集権限【有】\\u003C/div\\u003E\",\"type\":\"LABEL\"},{\"isVirtical\":true,\"styleMap\":{\"width\":344},\"type\":\"USER_SELECT\",\"var\":\"ユーザー19\",\"label\":\"ユーザー19\"},{\"isVirtical\":true,\"styleMap\":{\"width\":193},\"type\":\"DECIMAL\",\"var\":\"Garoonユーザー19\",\"label\":\"Garoonユーザー19\"}]},{\"id\":null,\"type\":\"ROW\",\"isSubTable\":false,\"var\":null,\"label\":null,\"controlList\":[{\"label\":\"\\u003Cdiv\\u003E編集権限【有】\\u003C/div\\u003E\",\"styleMap\":{\"width\":130},\"formatted\":\"\\u003Cdiv\\u003E編集権限【有】\\u003C/div\\u003E\",\"type\":\"LABEL\"},{\"isVirtical\":true,\"styleMap\":{\"width\":344},\"type\":\"USER_SELECT\",\"var\":\"ユーザー20\",\"label\":\"ユーザー20\"},{\"isVirtical\":true,\"styleMap\":{\"width\":193},\"type\":\"DECIMAL\",\"var\":\"Garoonユーザー20\",\"label\":\"Garoonユーザー20\"}]},{\"id\":null,\"type\":\"ROW\",\"isSubTable\":false,\"var\":null,\"label\":null,\"controlList\":[{\"label\":\"\\u003Cdiv\\u003E編集権限【有】\\u003C/div\\u003E\",\"styleMap\":{\"width\":130},\"formatted\":\"\\u003Cdiv\\u003E編集権限【有】\\u003C/div\\u003E\",\"type\":\"LABEL\"},{\"isVirtical\":true,\"styleMap\":{\"width\":344},\"type\":\"USER_SELECT\",\"var\":\"ユーザー21\",\"label\":\"ユーザー21\"},{\"isVirtical\":true,\"styleMap\":{\"width\":193},\"type\":\"DECIMAL\",\"var\":\"Garoonユーザー21\",\"label\":\"Garoonユーザー21\"}]},{\"id\":null,\"type\":\"ROW\",\"isSubTable\":false,\"var\":null,\"label\":null,\"controlList\":[{\"label\":\"\\u003Cdiv\\u003E編集権限【有】\\u003C/div\\u003E\",\"styleMap\":{\"width\":130},\"formatted\":\"\\u003Cdiv\\u003E編集権限【有】\\u003C/div\\u003E\",\"type\":\"LABEL\"},{\"isVirtical\":true,\"styleMap\":{\"width\":344},\"type\":\"USER_SELECT\",\"var\":\"ユーザー22\",\"label\":\"ユーザー22\"},{\"isVirtical\":true,\"styleMap\":{\"width\":193},\"type\":\"DECIMAL\",\"var\":\"Garoonユーザー22\",\"label\":\"Garoonユーザー22\"}]},{\"id\":null,\"type\":\"ROW\",\"isSubTable\":false,\"var\":null,\"label\":null,\"controlList\":[{\"label\":\"\\u003Cdiv\\u003E編集権限【有】\\u003C/div\\u003E\",\"styleMap\":{\"width\":130},\"formatted\":\"\\u003Cdiv\\u003E編集権限【有】\\u003C/div\\u003E\",\"type\":\"LABEL\"},{\"isVirtical\":true,\"styleMap\":{\"width\":344},\"type\":\"USER_SELECT\",\"var\":\"ユーザー23\",\"label\":\"ユーザー23\"},{\"isVirtical\":true,\"styleMap\":{\"width\":193},\"type\":\"DECIMAL\",\"var\":\"Garoonユーザー23\",\"label\":\"Garoonユーザー23\"}]},{\"id\":null,\"type\":\"ROW\",\"isSubTable\":false,\"var\":null,\"label\":null,\"controlList\":[{\"label\":\"\\u003Cdiv\\u003E編集権限【無】\\u003C/div\\u003E\",\"styleMap\":{\"width\":130},\"formatted\":\"\\u003Cdiv\\u003E編集権限【無】\\u003C/div\\u003E\",\"type\":\"LABEL\"},{\"isVirtical\":true,\"styleMap\":{\"width\":344},\"type\":\"USER_SELECT\",\"var\":\"ユーザー24\",\"label\":\"ユーザー24\"},{\"isVirtical\":true,\"styleMap\":{\"width\":193},\"type\":\"DECIMAL\",\"var\":\"Garoonユーザー24\",\"label\":\"Garoonユーザー24\"}]},{\"id\":null,\"type\":\"ROW\",\"isSubTable\":false,\"var\":null,\"label\":null,\"controlList\":[{\"label\":\"\\u003Cdiv\\u003E編集権限【有】\\u003C/div\\u003E\",\"styleMap\":{\"width\":130},\"formatted\":\"\\u003Cdiv\\u003E編集権限【有】\\u003C/div\\u003E\",\"type\":\"LABEL\"},{\"isVirtical\":true,\"styleMap\":{\"width\":344},\"type\":\"USER_SELECT\",\"var\":\"ユーザー25\",\"label\":\"ユーザー25\"},{\"isVirtical\":true,\"styleMap\":{\"width\":193},\"type\":\"DECIMAL\",\"var\":\"Garoonユーザー25\",\"label\":\"Garoonユーザー25\"}]},{\"id\":null,\"type\":\"ROW\",\"isSubTable\":false,\"var\":null,\"label\":null,\"controlList\":[{\"label\":\"\\u003Cdiv\\u003E編集権限【無】\\u003C/div\\u003E\",\"styleMap\":{\"width\":130},\"formatted\":\"\\u003Cdiv\\u003E編集権限【無】\\u003C/div\\u003E\",\"type\":\"LABEL\"},{\"isVirtical\":true,\"styleMap\":{\"width\":344},\"type\":\"USER_SELECT\",\"var\":\"ユーザー26\",\"label\":\"ユーザー26\"},{\"isVirtical\":true,\"styleMap\":{\"width\":193},\"type\":\"DECIMAL\",\"var\":\"Garoonユーザー26\",\"label\":\"Garoonユーザー26\"}]},{\"id\":null,\"type\":\"ROW\",\"isSubTable\":false,\"var\":null,\"label\":null,\"controlList\":[{\"label\":\"\\u003Cdiv\\u003E編集権限【無】\\u003C/div\\u003E\",\"styleMap\":{\"width\":130},\"formatted\":\"\\u003Cdiv\\u003E編集権限【無】\\u003C/div\\u003E\",\"type\":\"LABEL\"},{\"isVirtical\":true,\"styleMap\":{\"width\":344},\"type\":\"USER_SELECT\",\"var\":\"ユーザー27\",\"label\":\"ユーザー27\"},{\"isVirtical\":true,\"styleMap\":{\"width\":193},\"type\":\"DECIMAL\",\"var\":\"Garoonユーザー27\",\"label\":\"Garoonユーザー27\"}]},{\"id\":null,\"type\":\"ROW\",\"isSubTable\":false,\"var\":null,\"label\":null,\"controlList\":[{\"label\":\"\\u003Cdiv\\u003E編集権限【無】\\u003C/div\\u003E\",\"styleMap\":{\"width\":130},\"formatted\":\"\\u003Cdiv\\u003E編集権限【無】\\u003C/div\\u003E\",\"type\":\"LABEL\"},{\"isVirtical\":true,\"styleMap\":{\"width\":344},\"type\":\"USER_SELECT\",\"var\":\"ユーザー28\",\"label\":\"ユーザー28\"},{\"isVirtical\":true,\"styleMap\":{\"width\":193},\"type\":\"DECIMAL\",\"var\":\"Garoonユーザー28\",\"label\":\"Garoonユーザー28\"}]},{\"id\":null,\"type\":\"ROW\",\"isSubTable\":false,\"var\":null,\"label\":null,\"controlList\":[{\"label\":\"\\u003Cdiv\\u003E編集権限【無】\\u003C/div\\u003E\",\"styleMap\":{\"width\":130},\"formatted\":\"\\u003Cdiv\\u003E編集権限【無】\\u003C/div\\u003E\",\"type\":\"LABEL\"},{\"isVirtical\":true,\"styleMap\":{\"width\":344},\"type\":\"USER_SELECT\",\"var\":\"ユーザー29\",\"label\":\"ユーザー29\"},{\"isVirtical\":true,\"styleMap\":{\"width\":193},\"type\":\"DECIMAL\",\"var\":\"Garoonユーザー29\",\"label\":\"Garoonユーザー29\"}]},{\"id\":null,\"type\":\"ROW\",\"isSubTable\":false,\"var\":null,\"label\":null,\"controlList\":[{\"label\":\"\\u003Cdiv\\u003E編集権限【無】\\u003C/div\\u003E\",\"styleMap\":{\"width\":130},\"formatted\":\"\\u003Cdiv\\u003E編集権限【無】\\u003C/div\\u003E\",\"type\":\"LABEL\"},{\"isVirtical\":true,\"styleMap\":{\"width\":344},\"type\":\"USER_SELECT\",\"var\":\"ユーザー30\",\"label\":\"ユーザー30\"},{\"isVirtical\":true,\"styleMap\":{\"width\":193},\"type\":\"DECIMAL\",\"var\":\"Garoonユーザー30\",\"label\":\"Garoonユーザー30\"}]},{\"id\":null,\"type\":\"ROW\",\"isSubTable\":false,\"var\":null,\"label\":null,\"controlList\":[{\"label\":\"\\u003Cdiv\\u003E編集権限【無】\\u003C/div\\u003E\",\"styleMap\":{\"width\":130},\"formatted\":\"\\u003Cdiv\\u003E編集権限【無】\\u003C/div\\u003E\",\"type\":\"LABEL\"},{\"isVirtical\":true,\"styleMap\":{\"width\":344},\"type\":\"USER_SELECT\",\"var\":\"ユーザー31\",\"label\":\"ユーザー31\"},{\"isVirtical\":true,\"styleMap\":{\"width\":193},\"type\":\"DECIMAL\",\"var\":\"Garoonユーザー31\",\"label\":\"Garoonユーザー31\"}]},{\"id\":null,\"type\":\"ROW\",\"isSubTable\":false,\"var\":null,\"label\":null,\"controlList\":[{\"label\":\"\\u003Cdiv\\u003E編集権限【無】\\u003C/div\\u003E\",\"styleMap\":{\"width\":130},\"formatted\":\"\\u003Cdiv\\u003E編集権限【無】\\u003C/div\\u003E\",\"type\":\"LABEL\"},{\"isVirtical\":true,\"styleMap\":{\"width\":344},\"type\":\"USER_SELECT\",\"var\":\"ユーザー32\",\"label\":\"ユーザー32\"},{\"isVirtical\":true,\"styleMap\":{\"width\":193},\"type\":\"DECIMAL\",\"var\":\"Garoonユーザー32\",\"label\":\"Garoonユーザー32\"}]},{\"id\":null,\"type\":\"ROW\",\"isSubTable\":false,\"var\":null,\"label\":null,\"controlList\":[{\"label\":\"\\u003Cdiv\\u003E編集権限【無】\\u003C/div\\u003E\",\"styleMap\":{\"width\":130},\"formatted\":\"\\u003Cdiv\\u003E編集権限【無】\\u003C/div\\u003E\",\"type\":\"LABEL\"},{\"isVirtical\":true,\"styleMap\":{\"width\":344},\"type\":\"USER_SELECT\",\"var\":\"ユーザー33\",\"label\":\"ユーザー33\"},{\"isVirtical\":true,\"styleMap\":{\"width\":193},\"type\":\"DECIMAL\",\"var\":\"Garoonユーザー33\",\"label\":\"Garoonユーザー33\"}]},{\"id\":null,\"type\":\"ROW\",\"isSubTable\":false,\"var\":null,\"label\":null,\"controlList\":[{\"label\":\"\\u003Cdiv\\u003E編集権限【無】\\u003C/div\\u003E\",\"styleMap\":{\"width\":130},\"formatted\":\"\\u003Cdiv\\u003E編集権限【無】\\u003C/div\\u003E\",\"type\":\"LABEL\"},{\"isVirtical\":true,\"styleMap\":{\"width\":344},\"type\":\"USER_SELECT\",\"var\":\"ユーザー34\",\"label\":\"ユーザー34\"},{\"isVirtical\":true,\"styleMap\":{\"width\":193},\"type\":\"DECIMAL\",\"var\":\"Garoonユーザー34\",\"label\":\"Garoonユーザー34\"}]},{\"id\":null,\"type\":\"ROW\",\"isSubTable\":false,\"var\":null,\"label\":null,\"controlList\":[{\"label\":\"\\u003Cdiv\\u003E編集権限【有】\\u003C/div\\u003E\",\"styleMap\":{\"width\":130},\"formatted\":\"\\u003Cdiv\\u003E編集権限【有】\\u003C/div\\u003E\",\"type\":\"LABEL\"},{\"isVirtical\":true,\"styleMap\":{\"width\":344},\"type\":\"USER_SELECT\",\"var\":\"コールセンター1\",\"label\":\"コールセンター1\"}]},{\"id\":null,\"type\":\"ROW\",\"isSubTable\":false,\"var\":null,\"label\":null,\"controlList\":[{\"label\":\"\\u003Cdiv\\u003E編集権限【有】\\u003C/div\\u003E\",\"styleMap\":{\"width\":130},\"formatted\":\"\\u003Cdiv\\u003E編集権限【有】\\u003C/div\\u003E\",\"type\":\"LABEL\"},{\"isVirtical\":true,\"styleMap\":{\"width\":344},\"type\":\"USER_SELECT\",\"var\":\"コールセンター2\",\"label\":\"コールセンター2\"}]},{\"id\":null,\"type\":\"ROW\",\"isSubTable\":false,\"var\":null,\"label\":null,\"controlList\":[{\"label\":\"\\u003Cdiv\\u003E編集権限【有】\\u003C/div\\u003E\",\"styleMap\":{\"width\":130},\"formatted\":\"\\u003Cdiv\\u003E編集権限【有】\\u003C/div\\u003E\",\"type\":\"LABEL\"},{\"isVirtical\":true,\"styleMap\":{\"width\":344},\"type\":\"USER_SELECT\",\"var\":\"コールセンター上長1\",\"label\":\"コールセンター上長1\"}]},{\"id\":null,\"type\":\"ROW\",\"isSubTable\":false,\"var\":null,\"label\":null,\"controlList\":[{\"label\":\"\\u003Cdiv\\u003E編集権限【有】\\u003C/div\\u003E\",\"styleMap\":{\"width\":130},\"formatted\":\"\\u003Cdiv\\u003E編集権限【有】\\u003C/div\\u003E\",\"type\":\"LABEL\"},{\"isVirtical\":true,\"styleMap\":{\"width\":344},\"type\":\"USER_SELECT\",\"var\":\"コールセンター上長2\",\"label\":\"コールセンター上長2\"}]},{\"id\":null,\"type\":\"ROW\",\"isSubTable\":false,\"var\":null,\"label\":null,\"controlList\":[{\"label\":\"\\u003Cdiv\\u003E編集権限【有】\\u003C/div\\u003E\",\"styleMap\":{\"width\":130},\"formatted\":\"\\u003Cdiv\\u003E編集権限【有】\\u003C/div\\u003E\",\"type\":\"LABEL\"},{\"isVirtical\":true,\"styleMap\":{\"width\":344},\"type\":\"USER_SELECT\",\"var\":\"コールセンター上長3\",\"label\":\"コールセンター上長3\"}]},{\"id\":null,\"type\":\"ROW\",\"isSubTable\":false,\"var\":null,\"label\":null,\"controlList\":[{\"label\":\"\\u003Cdiv\\u003E編集権限【有】\\u003C/div\\u003E\",\"styleMap\":{\"width\":130},\"formatted\":\"\\u003Cdiv\\u003E編集権限【有】\\u003C/div\\u003E\",\"type\":\"LABEL\"},{\"isVirtical\":true,\"styleMap\":{\"width\":344},\"type\":\"USER_SELECT\",\"var\":\"コールセンター上長4\",\"label\":\"コールセンター上長4\"}]}]","revision":null},"iconMeta":null,"info":{"automaticallyChooseTitleComponent":"true","code":null,"decimalPrecision":"16","decimalScale":"4","description":"","enableBulkDeletion":"true","enableRecordReuse":"true","fiscalYearStartMonth":"4","iconKey":"APP64","iconType":"PRESET","jsFiles":null,"jsScope":"ALL","name":"アンケート店舗情報アプリ","roundingMode":"HALF_EVEN","theme":"PLAIN","titleComponentLocalId":null,"useComment":"true","useHistory":"true","useThumbnail":"true"},"jsFiles":[],"notification":{"appNotifications":[{"events":["RECORD_COMMENT_ADDED"],"target":{"entityId":"6447086","entityType":"FIELD_ENTITY","includeSubs":"false"}},{"events":["RECORD_COMMENT_ADDED"],"target":{"entityId":"6447087","entityType":"FIELD_ENTITY","includeSubs":"false"}}],"recordNotifications":[],"reminderTimezone":null,"reminders":[],"useComment":"true","useReminder":"false"},"plugins":[{"enabled":"true","id":"kpbhneojmagnjempfjeadcnbpobfajhe"}],"reports":[],"resource":{"tables":[{"rows":[{"fields":[],"objectId":"0","subObjectId":"-1"}],"type":"AppName"},{"rows":[{"fields":[],"objectId":"0","subObjectId":"-1"}],"type":"AppDescription"},{"rows":[{"fields":[],"objectId":"6447085","subObjectId":"-1"},{"fields":[],"objectId":"6447086","subObjectId":"-1"},{"fields":[],"objectId":"6447087","subObjectId":"-1"},{"fields":[],"objectId":"6447088","subObjectId":"-1"},{"fields":[],"objectId":"6447089","subObjectId":"-1"},{"fields":[],"objectId":"6447090","subObjectId":"-1"},{"fields":[],"objectId":"6447091","subObjectId":"-1"},{"fields":[],"objectId":"6447092","subObjectId":"-1"},{"fields":[],"objectId":"6447093","subObjectId":"-1"},{"fields":[],"objectId":"6447094","subObjectId":"-1"},{"fields":[],"objectId":"6447095","subObjectId":"-1"},{"fields":[],"objectId":"6447096","subObjectId":"-1"},{"fields":[],"objectId":"6447097","subObjectId":"-1"},{"fields":[],"objectId":"6447110","subObjectId":"-1"},{"fields":[],"objectId":"6447181","subObjectId":"-1"},{"fields":[],"objectId":"6447182","subObjectId":"-1"},{"fields":[],"objectId":"6447183","subObjectId":"-1"},{"fields":[],"objectId":"6447184","subObjectId":"-1"},{"fields":[],"objectId":"6447185","subObjectId":"-1"},{"fields":[],"objectId":"6447186","subObjectId":"-1"},{"fields":[],"objectId":"6447187","subObjectId":"-1"},{"fields":[],"objectId":"6447188","subObjectId":"-1"},{"fields":[],"objectId":"6447189","subObjectId":"-1"},{"fields":[],"objectId":"6447190","subObjectId":"-1"},{"fields":[],"objectId":"6447191","subObjectId":"-1"},{"fields":[],"objectId":"6447192","subObjectId":"-1"},{"fields":[],"objectId":"6447193","subObjectId":"-1"},{"fields":[],"objectId":"6447194","subObjectId":"-1"},{"fields":[],"objectId":"6447195","subObjectId":"-1"},{"fields":[],"objectId":"6447196","subObjectId":"-1"},{"fields":[],"objectId":"6447197","subObjectId":"-1"},{"fields":[],"objectId":"6447198","subObjectId":"-1"},{"fields":[],"objectId":"6447199","subObjectId":"-1"},{"fields":[],"objectId":"6447200","subObjectId":"-1"},{"fields":[],"objectId":"6447201","subObjectId":"-1"},{"fields":[],"objectId":"6447202","subObjectId":"-1"},{"fields":[],"objectId":"6447203","subObjectId":"-1"},{"fields":[],"objectId":"6447204","subObjectId":"-1"},{"fields":[],"objectId":"6447205","subObjectId":"-1"},{"fields":[],"objectId":"6447206","subObjectId":"-1"},{"fields":[],"objectId":"6447207","subObjectId":"-1"},{"fields":[],"objectId":"6447208","subObjectId":"-1"},{"fields":[],"objectId":"6447209","subObjectId":"-1"},{"fields":[],"objectId":"6447210","subObjectId":"-1"},{"fields":[],"objectId":"6447211","subObjectId":"-1"},{"fields":[],"objectId":"6447212","subObjectId":"-1"},{"fields":[],"objectId":"6447213","subObjectId":"-1"},{"fields":[],"objectId":"6447214","subObjectId":"-1"},{"fields":[],"objectId":"6447215","subObjectId":"-1"},{"fields":[],"objectId":"6447216","subObjectId":"-1"},{"fields":[],"objectId":"6447217","subObjectId":"-1"},{"fields":[],"objectId":"6447218","subObjectId":"-1"},{"fields":[],"objectId":"6447219","subObjectId":"-1"},{"fields":[],"objectId":"6447220","subObjectId":"-1"},{"fields":[],"objectId":"6447221","subObjectId":"-1"},{"fields":[],"objectId":"6447222","subObjectId":"-1"},{"fields":[],"objectId":"6447223","subObjectId":"-1"},{"fields":[],"objectId":"6447224","subObjectId":"-1"},{"fields":[],"objectId":"6447225","subObjectId":"-1"},{"fields":[],"objectId":"6447226","subObjectId":"-1"},{"fields":[],"objectId":"6447227","subObjectId":"-1"},{"fields":[],"objectId":"6447228","subObjectId":"-1"},{"fields":[],"objectId":"6447229","subObjectId":"-1"},{"fields":[],"objectId":"6447230","subObjectId":"-1"},{"fields":[],"objectId":"6447231","subObjectId":"-1"},{"fields":[],"objectId":"6447232","subObjectId":"-1"},{"fields":[],"objectId":"6447233","subObjectId":"-1"},{"fields":[],"objectId":"6447234","subObjectId":"-1"},{"fields":[],"objectId":"6447235","subObjectId":"-1"},{"fields":[],"objectId":"6447236","subObjectId":"-1"},{"fields":[],"objectId":"6447237","subObjectId":"-1"},{"fields":[],"objectId":"6447238","subObjectId":"-1"},{"fields":[],"objectId":"6447239","subObjectId":"-1"},{"fields":[],"objectId":"6447240","subObjectId":"-1"},{"fields":[],"objectId":"6447241","subObjectId":"-1"},{"fields":[],"objectId":"6447242","subObjectId":"-1"},{"fields":[],"objectId":"6447243","subObjectId":"-1"},{"fields":[],"objectId":"6447244","subObjectId":"-1"},{"fields":[],"objectId":"6447245","subObjectId":"-1"},{"fields":[],"objectId":"6447246","subObjectId":"-1"},{"fields":[],"objectId":"6447247","subObjectId":"-1"},{"fields":[],"objectId":"6447248","subObjectId":"-1"},{"fields":[],"objectId":"6447251","subObjectId":"-1"},{"fields":[],"objectId":"6447252","subObjectId":"-1"},{"fields":[],"objectId":"6447253","subObjectId":"-1"},{"fields":[],"objectId":"6447254","subObjectId":"-1"},{"fields":[],"objectId":"6447255","subObjectId":"-1"},{"fields":[],"objectId":"6447256","subObjectId":"-1"},{"fields":[],"objectId":"6447257","subObjectId":"-1"}],"type":"FieldLabel"},{"rows":[{"fields":[],"objectId":"6447249","subObjectId":"-1"},{"fields":[],"objectId":"6447106","subObjectId":"-1"},{"fields":[],"objectId":"6447142","subObjectId":"-1"},{"fields":[],"objectId":"20","subObjectId":"-1"}],"type":"ViewName"},{"rows":[],"type":"CategoryName"}]},"schema":{"groups":[],"revision":null,"subTable":{},"table":{"fieldList":{"6447085":{"id":"6447085","label":"レコード番号","properties":{"noLabel":"false","required":"true"},"type":"RECORD_ID","var":"レコード番号"},"6447086":{"id":"6447086","label":"更新者","properties":{"noLabel":"false","required":"true"},"type":"MODIFIER","var":"更新者"},"6447087":{"id":"6447087","label":"作成者","properties":{"noLabel":"false","required":"true"},"type":"CREATOR","var":"作成者"},"6447088":{"id":"6447088","label":"更新日時","properties":{"noLabel":"false","required":"true"},"type":"MODIFIED_AT","var":"更新日時"},"6447089":{"id":"6447089","label":"作成日時","properties":{"noLabel":"false","required":"true"},"type":"CREATED_AT","var":"作成日時"},"6447090":{"id":"6447090","label":"ステータス","properties":{"noLabel":"false","required":"false"},"type":"STATUS","var":"ステータス"},"6447091":{"id":"6447091","label":"作業者","properties":{"noLabel":"false","required":"false"},"type":"STATUS_ASSIGNEE","var":"作業者"},"6447092":{"id":"6447092","label":"カテゴリー","properties":{"noLabel":"false","required":"false"},"type":"CATEGORY","var":"カテゴリー"},"6447093":{"id":"6447093","label":"店番","properties":{"defaultValue":null,"digit":"false","displayScale":null,"max":null,"min":null,"noLabel":"false","required":"false","roundingMode":null,"scale":null,"unique":"false","unit":"","unitPosition":"BEFORE"},"type":"DECIMAL","var":"店番"},"6447094":{"id":"6447094","label":"店名","properties":{"defaultValue":"","expression":"","hideExpression":"false","max":null,"min":null,"noLabel":"false","required":"false","unique":"false"},"type":"SINGLE_LINE_TEXT","var":"店名"},"6447095":{"id":"6447095","label":"AM","properties":{"defaultValue":"","expression":"","hideExpression":"false","max":null,"min":null,"noLabel":"false","required":"false","unique":"false"},"type":"SINGLE_LINE_TEXT","var":"AM"},"6447096":{"id":"6447096","label":"AM電話番号","properties":{"defaultValue":"","expression":"","hideExpression":"false","max":null,"min":null,"noLabel":"false","required":"false","unique":"false"},"type":"SINGLE_LINE_TEXT","var":"AM電話番号"},"6447097":{"id":"6447097","label":"オーナー","properties":{"defaultValue":"","expression":"","hideExpression":"false","max":null,"min":null,"noLabel":"false","required":"false","unique":"false"},"type":"SINGLE_LINE_TEXT","var":"オーナー"},"6447110":{"id":"6447110","label":"ガルーン宛先に店舗を「入れる」or「入れない」","properties":{"defaultValue":"","expression":"","hideExpression":"false","max":null,"min":null,"noLabel":"false","required":"false","unique":"false"},"type":"SINGLE_LINE_TEXT","var":"ガルーン宛先に店舗を入れるor入れない"},"6447181":{"id":"6447181","label":"ユーザー1","properties":{"defaultEntities":[],"defaultSelect":[],"entities":[],"noLabel":"false","required":"false","select":[]},"type":"USER_SELECT","var":"ユーザー1"},"6447182":{"id":"6447182","label":"Garoonユーザー1","properties":{"defaultValue":null,"digit":"false","displayScale":null,"max":null,"min":null,"noLabel":"false","required":"false","roundingMode":null,"scale":null,"unique":"false","unit":"","unitPosition":"BEFORE"},"type":"DECIMAL","var":"Garoonユーザー1"},"6447183":{"id":"6447183","label":"ユーザー2","properties":{"defaultEntities":[],"defaultSelect":[],"entities":[],"noLabel":"false","required":"false","select":[]},"type":"USER_SELECT","var":"ユーザー2"},"6447184":{"id":"6447184","label":"Garoonユーザー2","properties":{"defaultValue":null,"digit":"false","displayScale":null,"max":null,"min":null,"noLabel":"false","required":"false","roundingMode":null,"scale":null,"unique":"false","unit":"","unitPosition":"BEFORE"},"type":"DECIMAL","var":"Garoonユーザー2"},"6447185":{"id":"6447185","label":"ユーザー3","properties":{"defaultEntities":[],"defaultSelect":[],"entities":[],"noLabel":"false","required":"false","select":[]},"type":"USER_SELECT","var":"ユーザー3"},"6447186":{"id":"6447186","label":"Garoonユーザー3","properties":{"defaultValue":null,"digit":"false","displayScale":null,"max":null,"min":null,"noLabel":"false","required":"false","roundingMode":null,"scale":null,"unique":"false","unit":"","unitPosition":"BEFORE"},"type":"DECIMAL","var":"Garoonユーザー3"},"6447187":{"id":"6447187","label":"ユーザー4","properties":{"defaultEntities":[],"defaultSelect":[],"entities":[],"noLabel":"false","required":"false","select":[]},"type":"USER_SELECT","var":"ユーザー4"},"6447188":{"id":"6447188","label":"Garoonユーザー4","properties":{"defaultValue":null,"digit":"false","displayScale":null,"max":null,"min":null,"noLabel":"false","required":"false","roundingMode":null,"scale":null,"unique":"false","unit":"","unitPosition":"BEFORE"},"type":"DECIMAL","var":"Garoonユーザー4"},"6447189":{"id":"6447189","label":"ユーザー5","properties":{"defaultEntities":[],"defaultSelect":[],"entities":[],"noLabel":"false","required":"false","select":[]},"type":"USER_SELECT","var":"ユーザー5"},"6447190":{"id":"6447190","label":"Garoonユーザー5","properties":{"defaultValue":null,"digit":"false","displayScale":null,"max":null,"min":null,"noLabel":"false","required":"false","roundingMode":null,"scale":null,"unique":"false","unit":"","unitPosition":"BEFORE"},"type":"DECIMAL","var":"Garoonユーザー5"},"6447191":{"id":"6447191","label":"ユーザー6","properties":{"defaultEntities":[],"defaultSelect":[],"entities":[],"noLabel":"false","required":"false","select":[]},"type":"USER_SELECT","var":"ユーザー6"},"6447192":{"id":"6447192","label":"Garoonユーザー6","properties":{"defaultValue":null,"digit":"false","displayScale":null,"max":null,"min":null,"noLabel":"false","required":"false","roundingMode":null,"scale":null,"unique":"false","unit":"","unitPosition":"BEFORE"},"type":"DECIMAL","var":"Garoonユーザー6"},"6447193":{"id":"6447193","label":"ユーザー7","properties":{"defaultEntities":[],"defaultSelect":[],"entities":[],"noLabel":"false","required":"false","select":[]},"type":"USER_SELECT","var":"ユーザー7"},"6447194":{"id":"6447194","label":"Garoonユーザー7","properties":{"defaultValue":null,"digit":"false","displayScale":null,"max":null,"min":null,"noLabel":"false","required":"false","roundingMode":null,"scale":null,"unique":"false","unit":"","unitPosition":"BEFORE"},"type":"DECIMAL","var":"Garoonユーザー7"},"6447195":{"id":"6447195","label":"ユーザー8","properties":{"defaultEntities":[],"defaultSelect":[],"entities":[],"noLabel":"false","required":"false","select":[]},"type":"USER_SELECT","var":"ユーザー8"},"6447196":{"id":"6447196","label":"Garoonユーザー8","properties":{"defaultValue":null,"digit":"false","displayScale":null,"max":null,"min":null,"noLabel":"false","required":"false","roundingMode":null,"scale":null,"unique":"false","unit":"","unitPosition":"BEFORE"},"type":"DECIMAL","var":"Garoonユーザー8"},"6447197":{"id":"6447197","label":"ユーザー9","properties":{"defaultEntities":[],"defaultSelect":[],"entities":[],"noLabel":"false","required":"false","select":[]},"type":"USER_SELECT","var":"ユーザー9"},"6447198":{"id":"6447198","label":"Garoonユーザー9","properties":{"defaultValue":null,"digit":"false","displayScale":null,"max":null,"min":null,"noLabel":"false","required":"false","roundingMode":null,"scale":null,"unique":"false","unit":"","unitPosition":"BEFORE"},"type":"DECIMAL","var":"Garoonユーザー9"},"6447199":{"id":"6447199","label":"ユーザー10","properties":{"defaultEntities":[],"defaultSelect":[],"entities":[],"noLabel":"false","required":"false","select":[]},"type":"USER_SELECT","var":"ユーザー10"},"6447200":{"id":"6447200","label":"Garoonユーザー10","properties":{"defaultValue":null,"digit":"false","displayScale":null,"max":null,"min":null,"noLabel":"false","required":"false","roundingMode":null,"scale":null,"unique":"false","unit":"","unitPosition":"BEFORE"},"type":"DECIMAL","var":"Garoonユーザー10"},"6447201":{"id":"6447201","label":"ユーザー11","properties":{"defaultEntities":[],"defaultSelect":[],"entities":[],"noLabel":"false","required":"false","select":[]},"type":"USER_SELECT","var":"ユーザー11"},"6447202":{"id":"6447202","label":"Garoonユーザー11","properties":{"defaultValue":null,"digit":"false","displayScale":null,"max":null,"min":null,"noLabel":"false","required":"false","roundingMode":null,"scale":null,"unique":"false","unit":"","unitPosition":"BEFORE"},"type":"DECIMAL","var":"Garoonユーザー11"},"6447203":{"id":"6447203","label":"ユーザー12","properties":{"defaultEntities":[],"defaultSelect":[],"entities":[],"noLabel":"false","required":"false","select":[]},"type":"USER_SELECT","var":"ユーザー12"},"6447204":{"id":"6447204","label":"Garoonユーザー12","properties":{"defaultValue":null,"digit":"false","displayScale":null,"max":null,"min":null,"noLabel":"false","required":"false","roundingMode":null,"scale":null,"unique":"false","unit":"","unitPosition":"BEFORE"},"type":"DECIMAL","var":"Garoonユーザー12"},"6447205":{"id":"6447205","label":"ユーザー13","properties":{"defaultEntities":[],"defaultSelect":[],"entities":[],"noLabel":"false","required":"false","select":[]},"type":"USER_SELECT","var":"ユーザー13"},"6447206":{"id":"6447206","label":"Garoonユーザー13","properties":{"defaultValue":null,"digit":"false","displayScale":null,"max":null,"min":null,"noLabel":"false","required":"false","roundingMode":null,"scale":null,"unique":"false","unit":"","unitPosition":"BEFORE"},"type":"DECIMAL","var":"Garoonユーザー13"},"6447207":{"id":"6447207","label":"ユーザー14","properties":{"defaultEntities":[],"defaultSelect":[],"entities":[],"noLabel":"false","required":"false","select":[]},"type":"USER_SELECT","var":"ユーザー14"},"6447208":{"id":"6447208","label":"Garoonユーザー14","properties":{"defaultValue":null,"digit":"false","displayScale":null,"max":null,"min":null,"noLabel":"false","required":"false","roundingMode":null,"scale":null,"unique":"false","unit":"","unitPosition":"BEFORE"},"type":"DECIMAL","var":"Garoonユーザー14"},"6447209":{"id":"6447209","label":"ユーザー15","properties":{"defaultEntities":[],"defaultSelect":[],"entities":[],"noLabel":"false","required":"false","select":[]},"type":"USER_SELECT","var":"ユーザー15"},"6447210":{"id":"6447210","label":"Garoonユーザー15","properties":{"defaultValue":null,"digit":"false","displayScale":null,"max":null,"min":null,"noLabel":"false","required":"false","roundingMode":null,"scale":null,"unique":"false","unit":"","unitPosition":"BEFORE"},"type":"DECIMAL","var":"Garoonユーザー15"},"6447211":{"id":"6447211","label":"ユーザー16","properties":{"defaultEntities":[],"defaultSelect":[],"entities":[],"noLabel":"false","required":"false","select":[]},"type":"USER_SELECT","var":"ユーザー16"},"6447212":{"id":"6447212","label":"Garoonユーザー16","properties":{"defaultValue":null,"digit":"false","displayScale":null,"max":null,"min":null,"noLabel":"false","required":"false","roundingMode":null,"scale":null,"unique":"false","unit":"","unitPosition":"BEFORE"},"type":"DECIMAL","var":"Garoonユーザー16"},"6447213":{"id":"6447213","label":"ユーザー17","properties":{"defaultEntities":[],"defaultSelect":[],"entities":[],"noLabel":"false","required":"false","select":[]},"type":"USER_SELECT","var":"ユーザー17"},"6447214":{"id":"6447214","label":"Garoonユーザー17","properties":{"defaultValue":null,"digit":"false","displayScale":null,"max":null,"min":null,"noLabel":"false","required":"false","roundingMode":null,"scale":null,"unique":"false","unit":"","unitPosition":"BEFORE"},"type":"DECIMAL","var":"Garoonユーザー17"},"6447215":{"id":"6447215","label":"ユーザー18","properties":{"defaultEntities":[],"defaultSelect":[],"entities":[],"noLabel":"false","required":"false","select":[]},"type":"USER_SELECT","var":"ユーザー18"},"6447216":{"id":"6447216","label":"Garoonユーザー18","properties":{"defaultValue":null,"digit":"false","displayScale":null,"max":null,"min":null,"noLabel":"false","required":"false","roundingMode":null,"scale":null,"unique":"false","unit":"","unitPosition":"BEFORE"},"type":"DECIMAL","var":"Garoonユーザー18"},"6447217":{"id":"6447217","label":"ユーザー19","properties":{"defaultEntities":[],"defaultSelect":[],"entities":[],"noLabel":"false","required":"false","select":[]},"type":"USER_SELECT","var":"ユーザー19"},"6447218":{"id":"6447218","label":"Garoonユーザー19","properties":{"defaultValue":null,"digit":"false","displayScale":null,"max":null,"min":null,"noLabel":"false","required":"false","roundingMode":null,"scale":null,"unique":"false","unit":"","unitPosition":"BEFORE"},"type":"DECIMAL","var":"Garoonユーザー19"},"6447219":{"id":"6447219","label":"ユーザー20","properties":{"defaultEntities":[],"defaultSelect":[],"entities":[],"noLabel":"false","required":"false","select":[]},"type":"USER_SELECT","var":"ユーザー20"},"6447220":{"id":"6447220","label":"Garoonユーザー20","properties":{"defaultValue":null,"digit":"false","displayScale":null,"max":null,"min":null,"noLabel":"false","required":"false","roundingMode":null,"scale":null,"unique":"false","unit":"","unitPosition":"BEFORE"},"type":"DECIMAL","var":"Garoonユーザー20"},"6447221":{"id":"6447221","label":"ユーザー21","properties":{"defaultEntities":[],"defaultSelect":[],"entities":[],"noLabel":"false","required":"false","select":[]},"type":"USER_SELECT","var":"ユーザー21"},"6447222":{"id":"6447222","label":"Garoonユーザー21","properties":{"defaultValue":null,"digit":"false","displayScale":null,"max":null,"min":null,"noLabel":"false","required":"false","roundingMode":null,"scale":null,"unique":"false","unit":"","unitPosition":"BEFORE"},"type":"DECIMAL","var":"Garoonユーザー21"},"6447223":{"id":"6447223","label":"ユーザー22","properties":{"defaultEntities":[],"defaultSelect":[],"entities":[],"noLabel":"false","required":"false","select":[]},"type":"USER_SELECT","var":"ユーザー22"},"6447224":{"id":"6447224","label":"Garoonユーザー22","properties":{"defaultValue":null,"digit":"false","displayScale":null,"max":null,"min":null,"noLabel":"false","required":"false","roundingMode":null,"scale":null,"unique":"false","unit":"","unitPosition":"BEFORE"},"type":"DECIMAL","var":"Garoonユーザー22"},"6447225":{"id":"6447225","label":"ユーザー23","properties":{"defaultEntities":[],"defaultSelect":[],"entities":[],"noLabel":"false","required":"false","select":[]},"type":"USER_SELECT","var":"ユーザー23"},"6447226":{"id":"6447226","label":"Garoonユーザー23","properties":{"defaultValue":null,"digit":"false","displayScale":null,"max":null,"min":null,"noLabel":"false","required":"false","roundingMode":null,"scale":null,"unique":"false","unit":"","unitPosition":"BEFORE"},"type":"DECIMAL","var":"Garoonユーザー23"},"6447227":{"id":"6447227","label":"ユーザー24","properties":{"defaultEntities":[],"defaultSelect":[],"entities":[],"noLabel":"false","required":"false","select":[]},"type":"USER_SELECT","var":"ユーザー24"},"6447228":{"id":"6447228","label":"Garoonユーザー24","properties":{"defaultValue":null,"digit":"false","displayScale":null,"max":null,"min":null,"noLabel":"false","required":"false","roundingMode":null,"scale":null,"unique":"false","unit":"","unitPosition":"BEFORE"},"type":"DECIMAL","var":"Garoonユーザー24"},"6447229":{"id":"6447229","label":"ユーザー25","properties":{"defaultEntities":[],"defaultSelect":[],"entities":[],"noLabel":"false","required":"false","select":[]},"type":"USER_SELECT","var":"ユーザー25"},"6447230":{"id":"6447230","label":"Garoonユーザー25","properties":{"defaultValue":null,"digit":"false","displayScale":null,"max":null,"min":null,"noLabel":"false","required":"false","roundingMode":null,"scale":null,"unique":"false","unit":"","unitPosition":"BEFORE"},"type":"DECIMAL","var":"Garoonユーザー25"},"6447231":{"id":"6447231","label":"ユーザー26","properties":{"defaultEntities":[],"defaultSelect":[],"entities":[],"noLabel":"false","required":"false","select":[]},"type":"USER_SELECT","var":"ユーザー26"},"6447232":{"id":"6447232","label":"Garoonユーザー26","properties":{"defaultValue":null,"digit":"false","displayScale":null,"max":null,"min":null,"noLabel":"false","required":"false","roundingMode":null,"scale":null,"unique":"false","unit":"","unitPosition":"BEFORE"},"type":"DECIMAL","var":"Garoonユーザー26"},"6447233":{"id":"6447233","label":"ユーザー27","properties":{"defaultEntities":[],"defaultSelect":[],"entities":[],"noLabel":"false","required":"false","select":[]},"type":"USER_SELECT","var":"ユーザー27"},"6447234":{"id":"6447234","label":"Garoonユーザー27","properties":{"defaultValue":null,"digit":"false","displayScale":null,"max":null,"min":null,"noLabel":"false","required":"false","roundingMode":null,"scale":null,"unique":"false","unit":"","unitPosition":"BEFORE"},"type":"DECIMAL","var":"Garoonユーザー27"},"6447235":{"id":"6447235","label":"ユーザー28","properties":{"defaultEntities":[],"defaultSelect":[],"entities":[],"noLabel":"false","required":"false","select":[]},"type":"USER_SELECT","var":"ユーザー28"},"6447236":{"id":"6447236","label":"Garoonユーザー28","properties":{"defaultValue":null,"digit":"false","displayScale":null,"max":null,"min":null,"noLabel":"false","required":"false","roundingMode":null,"scale":null,"unique":"false","unit":"","unitPosition":"BEFORE"},"type":"DECIMAL","var":"Garoonユーザー28"},"6447237":{"id":"6447237","label":"ユーザー29","properties":{"defaultEntities":[],"defaultSelect":[],"entities":[],"noLabel":"false","required":"false","select":[]},"type":"USER_SELECT","var":"ユーザー29"},"6447238":{"id":"6447238","label":"Garoonユーザー29","properties":{"defaultValue":null,"digit":"false","displayScale":null,"max":null,"min":null,"noLabel":"false","required":"false","roundingMode":null,"scale":null,"unique":"false","unit":"","unitPosition":"BEFORE"},"type":"DECIMAL","var":"Garoonユーザー29"},"6447239":{"id":"6447239","label":"ユーザー30","properties":{"defaultEntities":[],"defaultSelect":[],"entities":[],"noLabel":"false","required":"false","select":[]},"type":"USER_SELECT","var":"ユーザー30"},"6447240":{"id":"6447240","label":"Garoonユーザー30","properties":{"defaultValue":null,"digit":"false","displayScale":null,"max":null,"min":null,"noLabel":"false","required":"false","roundingMode":null,"scale":null,"unique":"false","unit":"","unitPosition":"BEFORE"},"type":"DECIMAL","var":"Garoonユーザー30"},"6447241":{"id":"6447241","label":"ユーザー31","properties":{"defaultEntities":[],"defaultSelect":[],"entities":[],"noLabel":"false","required":"false","select":[]},"type":"USER_SELECT","var":"ユーザー31"},"6447242":{"id":"6447242","label":"Garoonユーザー31","properties":{"defaultValue":null,"digit":"false","displayScale":null,"max":null,"min":null,"noLabel":"false","required":"false","roundingMode":null,"scale":null,"unique":"false","unit":"","unitPosition":"BEFORE"},"type":"DECIMAL","var":"Garoonユーザー31"},"6447243":{"id":"6447243","label":"ユーザー32","properties":{"defaultEntities":[],"defaultSelect":[],"entities":[],"noLabel":"false","required":"false","select":[]},"type":"USER_SELECT","var":"ユーザー32"},"6447244":{"id":"6447244","label":"Garoonユーザー32","properties":{"defaultValue":null,"digit":"false","displayScale":null,"max":null,"min":null,"noLabel":"false","required":"false","roundingMode":null,"scale":null,"unique":"false","unit":"","unitPosition":"BEFORE"},"type":"DECIMAL","var":"Garoonユーザー32"},"6447245":{"id":"6447245","label":"ユーザー33","properties":{"defaultEntities":[],"defaultSelect":[],"entities":[],"noLabel":"false","required":"false","select":[]},"type":"USER_SELECT","var":"ユーザー33"},"6447246":{"id":"6447246","label":"Garoonユーザー33","properties":{"defaultValue":null,"digit":"false","displayScale":null,"max":null,"min":null,"noLabel":"false","required":"false","roundingMode":null,"scale":null,"unique":"false","unit":"","unitPosition":"BEFORE"},"type":"DECIMAL","var":"Garoonユーザー33"},"6447247":{"id":"6447247","label":"ユーザー34","properties":{"defaultEntities":[],"defaultSelect":[],"entities":[],"noLabel":"false","required":"false","select":[]},"type":"USER_SELECT","var":"ユーザー34"},"6447248":{"id":"6447248","label":"Garoonユーザー34","properties":{"defaultValue":null,"digit":"false","displayScale":null,"max":null,"min":null,"noLabel":"false","required":"false","roundingMode":null,"scale":null,"unique":"false","unit":"","unitPosition":"BEFORE"},"type":"DECIMAL","var":"Garoonユーザー34"},"6447251":{"id":"6447251","label":"順番","properties":{"defaultValue":null,"digit":"false","displayScale":null,"max":null,"min":null,"noLabel":"false","required":"false","roundingMode":null,"scale":null,"unique":"false","unit":"","unitPosition":"BEFORE"},"type":"DECIMAL","var":"順番"},"6447252":{"id":"6447252","label":"コールセンター1","properties":{"defaultEntities":[],"defaultSelect":[],"entities":[],"noLabel":"false","required":"false","select":[]},"type":"USER_SELECT","var":"コールセンター1"},"6447253":{"id":"6447253","label":"コールセンター2","properties":{"defaultEntities":[],"defaultSelect":[],"entities":[],"noLabel":"false","required":"false","select":[]},"type":"USER_SELECT","var":"コールセンター2"},"6447254":{"id":"6447254","label":"コールセンター上長1","properties":{"defaultEntities":[],"defaultSelect":[],"entities":[],"noLabel":"false","required":"false","select":[]},"type":"USER_SELECT","var":"コールセンター上長1"},"6447255":{"id":"6447255","label":"コールセンター上長2","properties":{"defaultEntities":[],"defaultSelect":[],"entities":[],"noLabel":"false","required":"false","select":[]},"type":"USER_SELECT","var":"コールセンター上長2"},"6447256":{"id":"6447256","label":"コールセンター上長3","properties":{"defaultEntities":[],"defaultSelect":[],"entities":[],"noLabel":"false","required":"false","select":[]},"type":"USER_SELECT","var":"コールセンター上長3"},"6447257":{"id":"6447257","label":"コールセンター上長4","properties":{"defaultEntities":[],"defaultSelect":[],"entities":[],"noLabel":"false","required":"false","select":[]},"type":"USER_SELECT","var":"コールセンター上長4"}},"id":"1","label":"__ROOT__","properties":null,"var":"__ROOT__"}},"settingsNotesForm":{"content":null,"willBeInherited":null},"status":{"actions":[],"filters":[],"initialStateId":null,"states":[],"useStatus":"false"},"uuid":"5207030e-2c74-406d-80ec-b000eca2c5f8","views":[{"advancedMode":"false","builtinType":null,"device":"DESKTOP","fields":[{"row":[]}],"filter":{"category":null,"offset":null,"order":["ASC"],"q":null,"size":null,"sort":["f6447251"]},"html":"\u003Cdiv id='krewsheet'\u003E\u003C/div\u003E","keyFieldId":null,"name":"一覧2","pager":"true","revision":null,"titleFieldId":null,"view":"6447249","viewType":"CUSTOM"},{"advancedMode":"false","builtinType":null,"device":null,"fields":[{"row":[{"columnWidth":null,"id":"6447093"},{"columnWidth":null,"id":"6447094"},{"columnWidth":null,"id":"6447095"},{"columnWidth":null,"id":"6447096"},{"columnWidth":null,"id":"6447097"},{"columnWidth":null,"id":"6447110"},{"columnWidth":null,"id":"6447181"},{"columnWidth":null,"id":"6447183"},{"columnWidth":null,"id":"6447185"},{"columnWidth":null,"id":"6447187"},{"columnWidth":null,"id":"6447189"},{"columnWidth":null,"id":"6447191"},{"columnWidth":null,"id":"6447193"},{"columnWidth":null,"id":"6447195"},{"columnWidth":null,"id":"6447197"},{"columnWidth":null,"id":"6447199"},{"columnWidth":null,"id":"6447201"},{"columnWidth":null,"id":"6447203"},{"columnWidth":null,"id":"6447205"},{"columnWidth":null,"id":"6447207"}]}],"filter":{"category":null,"offset":null,"order":["DESC"],"q":null,"size":null,"sort":["f6447085"]},"html":null,"keyFieldId":null,"name":"一覧1","pager":null,"revision":null,"titleFieldId":null,"view":"6447106","viewType":"LIST"},{"advancedMode":"false","builtinType":null,"device":"DESKTOP","fields":[{"row":[]}],"filter":{"category":null,"offset":null,"order":["DESC"],"q":null,"size":null,"sort":["f6447085"]},"html":"\u003Cdiv id='krewsheet'\u003E\u003C/div\u003E","keyFieldId":null,"name":"一覧","pager":"true","revision":null,"titleFieldId":null,"view":"6447142","viewType":"CUSTOM"},{"advancedMode":null,"builtinType":"ALL","device":null,"fields":[{"row":[{"columnWidth":null,"id":"6447085"},{"columnWidth":null,"id":"6447093"},{"columnWidth":null,"id":"6447094"},{"columnWidth":null,"id":"6447095"},{"columnWidth":null,"id":"6447096"},{"columnWidth":null,"id":"6447097"},{"columnWidth":null,"id":"6447110"},{"columnWidth":null,"id":"6447181"},{"columnWidth":null,"id":"6447182"},{"columnWidth":null,"id":"6447183"},{"columnWidth":null,"id":"6447184"},{"columnWidth":null,"id":"6447185"},{"columnWidth":null,"id":"6447186"},{"columnWidth":null,"id":"6447187"},{"columnWidth":null,"id":"6447188"},{"columnWidth":null,"id":"6447189"},{"columnWidth":null,"id":"6447190"},{"columnWidth":null,"id":"6447191"},{"columnWidth":null,"id":"6447192"},{"columnWidth":null,"id":"6447193"},{"columnWidth":null,"id":"6447194"},{"columnWidth":null,"id":"6447195"},{"columnWidth":null,"id":"6447196"},{"columnWidth":null,"id":"6447197"},{"columnWidth":null,"id":"6447198"},{"columnWidth":null,"id":"6447199"},{"columnWidth":null,"id":"6447200"},{"columnWidth":null,"id":"6447201"},{"columnWidth":null,"id":"6447202"},{"columnWidth":null,"id":"6447203"},{"columnWidth":null,"id":"6447204"},{"columnWidth":null,"id":"6447205"},{"columnWidth":null,"id":"6447206"},{"columnWidth":null,"id":"6447207"},{"columnWidth":null,"id":"6447208"},{"columnWidth":null,"id":"6447209"},{"columnWidth":null,"id":"6447210"},{"columnWidth":null,"id":"6447211"},{"columnWidth":null,"id":"6447212"},{"columnWidth":null,"id":"6447213"},{"columnWidth":null,"id":"6447214"},{"columnWidth":null,"id":"6447215"},{"columnWidth":null,"id":"6447216"},{"columnWidth":null,"id":"6447217"},{"columnWidth":null,"id":"6447218"},{"columnWidth":null,"id":"6447219"},{"columnWidth":null,"id":"6447220"},{"columnWidth":null,"id":"6447221"},{"columnWidth":null,"id":"6447222"},{"columnWidth":null,"id":"6447223"},{"columnWidth":null,"id":"6447224"},{"columnWidth":null,"id":"6447225"},{"columnWidth":null,"id":"6447226"},{"columnWidth":null,"id":"6447227"},{"columnWidth":null,"id":"6447228"},{"columnWidth":null,"id":"6447229"},{"columnWidth":null,"id":"6447230"},{"columnWidth":null,"id":"6447231"},{"columnWidth":null,"id":"6447232"},{"columnWidth":null,"id":"6447233"},{"columnWidth":null,"id":"6447234"},{"columnWidth":null,"id":"6447235"},{"columnWidth":null,"id":"6447236"},{"columnWidth":null,"id":"6447237"},{"columnWidth":null,"id":"6447238"},{"columnWidth":null,"id":"6447239"},{"columnWidth":null,"id":"6447240"},{"columnWidth":null,"id":"6447241"},{"columnWidth":null,"id":"6447242"},{"columnWidth":null,"id":"6447243"},{"columnWidth":null,"id":"6447244"},{"columnWidth":null,"id":"6447245"},{"columnWidth":null,"id":"6447246"},{"columnWidth":null,"id":"6447247"},{"columnWidth":null,"id":"6447248"},{"columnWidth":null,"id":"6447251"},{"columnWidth":null,"id":"6447252"},{"columnWidth":null,"id":"6447253"},{"columnWidth":null,"id":"6447254"},{"columnWidth":null,"id":"6447255"},{"columnWidth":null,"id":"6447256"},{"columnWidth":null,"id":"6447257"}]}],"filter":{"category":null,"offset":null,"order":[],"q":null,"size":null,"sort":[]},"html":null,"keyFieldId":null,"name":"（すべて）","pager":null,"revision":null,"titleFieldId":null,"view":"20","viewType":"LIST"}]}],"description":"","iconKey":"APP64","iconMeta":null,"iconSrcAppId":"5207030e-2c74-406d-80ec-b000eca2c5f8","iconType":"PRESET","imagesMeta":[],"lookups":[],"name":"アンケート店舗情報アプリ","references":[],"version":"40"}