{"actions":[],"apps":[{"acl":{"app":[],"field":[],"record":[]},"app":null,"category":{"categories":[],"useCategory":"false"},"form":{"layout":"[{\"id\":null,\"type\":\"ROW\",\"isSubTable\":false,\"var\":null,\"label\":null,\"controlList\":[{\"styleMap\":{\"width\":280,\"height\":66},\"elementId\":\"\",\"type\":\"SPACER\"}]},{\"id\":null,\"type\":\"ROW\",\"isSubTable\":false,\"var\":null,\"label\":null,\"controlList\":[{\"isVirtical\":true,\"styleMap\":{},\"canvasData\":[{\"id\":null,\"type\":\"ROW\",\"isSubTable\":false,\"var\":null,\"label\":null,\"controlList\":[{\"isVirtical\":true,\"styleMap\":{\"width\":193},\"type\":\"SINGLE_LINE_TEXT\",\"var\":\"本部\",\"label\":\"本部\"},{\"isVirtical\":true,\"styleMap\":{\"width\":193},\"type\":\"SINGLE_LINE_TEXT\",\"var\":\"部\",\"label\":\"部\"},{\"isVirtical\":true,\"styleMap\":{\"width\":193},\"type\":\"SINGLE_LINE_TEXT\",\"var\":\"エリア\",\"label\":\"エリア\"},{\"isVirtical\":true,\"styleMap\":{\"width\":196},\"type\":\"SINGLE_SELECT\",\"var\":\"区分\",\"label\":\"区分\"}]},{\"id\":null,\"type\":\"ROW\",\"isSubTable\":false,\"var\":null,\"label\":null,\"controlList\":[{\"isVirtical\":true,\"styleMap\":{\"width\":344},\"type\":\"USER_SELECT\",\"var\":\"店舗名\",\"label\":\"店舗名\"},{\"isVirtical\":true,\"styleMap\":{\"width\":344},\"type\":\"GROUP_SELECT\",\"var\":\"グループ選択\",\"label\":\"グループ選択\"}]},{\"id\":null,\"type\":\"ROW\",\"isSubTable\":false,\"var\":null,\"label\":null,\"controlList\":[{\"isVirtical\":true,\"styleMap\":{\"width\":344},\"type\":\"USER_SELECT\",\"var\":\"本部長\",\"label\":\"本部長\"},{\"isVirtical\":true,\"styleMap\":{\"width\":344},\"type\":\"USER_SELECT\",\"var\":\"部長\",\"label\":\"部長\"}]},{\"id\":null,\"type\":\"ROW\",\"isSubTable\":false,\"var\":null,\"label\":null,\"controlList\":[{\"isVirtical\":true,\"styleMap\":{\"width\":344},\"type\":\"USER_SELECT\",\"var\":\"AM\",\"label\":\"AM\"},{\"isVirtical\":true,\"styleMap\":{\"width\":344},\"type\":\"USER_SELECT\",\"var\":\"FCオーナー\",\"label\":\"FCオーナー\"}]}],\"type\":\"GROUP\",\"var\":\"店舗情報\",\"label\":\"店舗情報\"}]},{\"id\":null,\"type\":\"ROW\",\"isSubTable\":false,\"var\":null,\"label\":null,\"controlList\":[{\"styleMap\":{\"width\":280,\"height\":66},\"elementId\":\"\",\"type\":\"SPACER\"},{\"isVirtical\":true,\"styleMap\":{\"width\":193},\"type\":\"SINGLE_LINE_TEXT\",\"var\":\"店舗コード\",\"label\":\"店舗コード\"},{\"isVirtical\":true,\"styleMap\":{\"width\":193},\"type\":\"SINGLE_LINE_TEXT\",\"var\":\"店名\",\"label\":\"店名\"},{\"isVirtical\":true,\"styleMap\":{\"width\":193},\"type\":\"SINGLE_LINE_TEXT\",\"var\":\"報告者\",\"label\":\"報告者\"},{\"isVirtical\":true,\"styleMap\":{\"width\":193},\"type\":\"SINGLE_LINE_TEXT\",\"var\":\"宛先\",\"label\":\"宛先\"}]},{\"id\":null,\"type\":\"ROW\",\"isSubTable\":false,\"var\":null,\"label\":null,\"controlList\":[{\"styleMap\":{\"width\":280,\"height\":66},\"elementId\":\"\",\"type\":\"SPACER\"},{\"isVirtical\":true,\"styleMap\":{\"width\":193},\"type\":\"DATE\",\"var\":\"着日\",\"label\":\"着日\"},{\"isVirtical\":true,\"styleMap\":{\"width\":193},\"type\":\"DECIMAL\",\"var\":\"御利用人数\",\"label\":\"御利用人数\"}]},{\"id\":null,\"type\":\"ROW\",\"isSubTable\":false,\"var\":null,\"label\":null,\"controlList\":[{\"styleMap\":{\"width\":280,\"height\":66},\"elementId\":\"\",\"type\":\"SPACER\"},{\"isVirtical\":true,\"styleMap\":{\"width\":196},\"type\":\"SINGLE_SELECT\",\"var\":\"手段\",\"label\":\"手段\"},{\"isVirtical\":true,\"styleMap\":{\"width\":196},\"type\":\"SINGLE_SELECT\",\"var\":\"内容\",\"label\":\"内容\"}]},{\"id\":null,\"type\":\"ROW\",\"isSubTable\":false,\"var\":null,\"label\":null,\"controlList\":[{\"styleMap\":{\"width\":280,\"height\":66},\"elementId\":\"\",\"type\":\"SPACER\"},{\"isVirtical\":true,\"styleMap\":{\"width\":193},\"type\":\"SINGLE_LINE_TEXT\",\"var\":\"発生場所\",\"label\":\"発生場所\"},{\"isVirtical\":true,\"styleMap\":{\"width\":193},\"type\":\"SINGLE_LINE_TEXT\",\"var\":\"卓番\",\"label\":\"卓番\"}]},{\"id\":null,\"type\":\"ROW\",\"isSubTable\":false,\"var\":null,\"label\":null,\"controlList\":[{\"styleMap\":{\"width\":280,\"height\":77},\"elementId\":\"\",\"type\":\"SPACER\"},{\"isVirtical\":true,\"styleMap\":{\"width\":196},\"type\":\"DATETIME\",\"var\":\"発生日時\",\"label\":\"発生日時\"}]},{\"id\":null,\"type\":\"ROW\",\"isSubTable\":false,\"var\":null,\"label\":null,\"controlList\":[{\"label\":\"\\u003Cdiv\\u003E\\u003Cb\\u003E\\u003Cfont size=\\\"4\\\"\\u003EA:クレーム内容\\u003C/font\\u003E\\u003C/b\\u003E\\u003C/div\\u003E\",\"styleMap\":{\"width\":194},\"formatted\":\"\\u003Cdiv\\u003E\\u003Cb\\u003E\\u003Cfont size=\\\"4\\\"\\u003EA:クレーム内容\\u003C/font\\u003E\\u003C/b\\u003E\\u003C/div\\u003E\",\"type\":\"LABEL\"},{\"styleMap\":{\"width\":86,\"height\":66},\"elementId\":\"\",\"type\":\"SPACER\"},{\"isVirtical\":true,\"styleMap\":{\"width\":1805},\"type\":\"MULTIPLE_CHECK\",\"var\":\"チェックボックス\",\"label\":\"チェックボックス\",\"align\":\"horizontal\"}]},{\"id\":null,\"type\":\"ROW\",\"isSubTable\":false,\"var\":null,\"label\":null,\"controlList\":[{\"styleMap\":{\"width\":194,\"height\":66},\"elementId\":\"\",\"type\":\"SPACER\"},{\"styleMap\":{\"width\":86,\"height\":66},\"elementId\":\"\",\"type\":\"SPACER\"},{\"isVirtical\":true,\"styleMap\":{\"width\":762,\"height\":128,\"innerHeight\":91},\"type\":\"MULTIPLE_LINE_TEXT\",\"var\":\"その他\",\"label\":\"その他\"}]},{\"id\":null,\"type\":\"ROW\",\"isSubTable\":false,\"var\":null,\"label\":null,\"controlList\":[{\"label\":\"\\u003Cdiv\\u003E\\u003Cfont size=\\\"4\\\"\\u003E\\u003Cb\\u003E当日の日報\\u003C/b\\u003E\\u003C/font\\u003E\\u003C/div\\u003E\",\"styleMap\":{\"width\":194},\"formatted\":\"\\u003Cdiv\\u003E\\u003Cfont size=\\\"4\\\"\\u003E\\u003Cb\\u003E当日の日報\\u003C/b\\u003E\\u003C/font\\u003E\\u003C/div\\u003E\",\"type\":\"LABEL\"},{\"label\":\"\\u003Cdiv\\u003E\\u003Cfont size=\\\"4\\\"\\u003E\\u003Cb\\u003E売上\\u003C/b\\u003E\\u003C/font\\u003E\\u003C/div\\u003E\",\"styleMap\":{\"width\":86},\"formatted\":\"\\u003Cdiv\\u003E\\u003Cfont size=\\\"4\\\"\\u003E\\u003Cb\\u003E売上\\u003C/b\\u003E\\u003C/font\\u003E\\u003C/div\\u003E\",\"type\":\"LABEL\"},{\"isVirtical\":true,\"styleMap\":{\"width\":193},\"type\":\"DECIMAL\",\"var\":\"計画\",\"label\":\"計画\"},{\"isVirtical\":true,\"styleMap\":{\"width\":193},\"type\":\"DECIMAL\",\"var\":\"週マネ\",\"label\":\"週マネ\"},{\"isVirtical\":true,\"styleMap\":{\"width\":193},\"type\":\"DECIMAL\",\"var\":\"実績\",\"label\":\"実績\"},{\"isVirtical\":true,\"styleMap\":{\"width\":193},\"type\":\"DECIMAL\",\"var\":\"達成率\",\"label\":\"達成率\"}]},{\"id\":null,\"type\":\"ROW\",\"isSubTable\":false,\"var\":null,\"label\":null,\"controlList\":[{\"styleMap\":{\"width\":194,\"height\":66},\"elementId\":\"\",\"type\":\"SPACER\"},{\"label\":\"\\u003Cdiv\\u003E\\u003Cfont size=\\\"4\\\"\\u003E\\u003Cb\\u003E時間数\\u003C/b\\u003E\\u003C/font\\u003E\\u003C/div\\u003E\",\"styleMap\":{\"width\":86},\"formatted\":\"\\u003Cdiv\\u003E\\u003Cfont size=\\\"4\\\"\\u003E\\u003Cb\\u003E時間数\\u003C/b\\u003E\\u003C/font\\u003E\\u003C/div\\u003E\",\"type\":\"LABEL\"},{\"isVirtical\":true,\"styleMap\":{\"width\":193},\"type\":\"DECIMAL\",\"var\":\"計画_0\",\"label\":\"計画\"},{\"isVirtical\":true,\"styleMap\":{\"width\":193},\"type\":\"DECIMAL\",\"var\":\"週マネ_0\",\"label\":\"週マネ\"},{\"isVirtical\":true,\"styleMap\":{\"width\":193},\"type\":\"DECIMAL\",\"var\":\"実績_0\",\"label\":\"実績\"},{\"isVirtical\":true,\"styleMap\":{\"width\":193},\"type\":\"DECIMAL\",\"var\":\"要コン\",\"label\":\"要コン\"}]},{\"id\":null,\"type\":\"ROW\",\"isSubTable\":false,\"var\":null,\"label\":null,\"controlList\":[{\"styleMap\":{\"width\":154,\"height\":66},\"elementId\":\"\",\"type\":\"SPACER\"},{\"label\":\"\\u003Cdiv\\u003E\\u003Cfont size=\\\"4\\\"\\u003E\\u003Cb\\u003E当日のQSS\\u003C/b\\u003E\\u003C/font\\u003E\\u003C/div\\u003E\",\"styleMap\":{\"width\":124},\"formatted\":\"\\u003Cdiv\\u003E\\u003Cfont size=\\\"4\\\"\\u003E\\u003Cb\\u003E当日のQSS\\u003C/b\\u003E\\u003C/font\\u003E\\u003C/div\\u003E\",\"type\":\"LABEL\"},{\"isVirtical\":true,\"styleMap\":{\"width\":196},\"type\":\"SINGLE_SELECT\",\"var\":\"ドロップダウン\",\"label\":\"Q\"},{\"isVirtical\":true,\"styleMap\":{\"width\":196},\"type\":\"SINGLE_SELECT\",\"var\":\"S\",\"label\":\"S\"},{\"isVirtical\":true,\"styleMap\":{\"width\":196},\"type\":\"SINGLE_SELECT\",\"var\":\"S_0\",\"label\":\"S\"}]},{\"id\":null,\"type\":\"ROW\",\"isSubTable\":false,\"var\":null,\"label\":null,\"controlList\":[{\"styleMap\":{\"width\":140,\"height\":48},\"elementId\":\"\",\"type\":\"SPACER\"},{\"label\":\"\\u003Cdiv\\u003E\\u003Cfont size=\\\"4\\\"\\u003E\\u003Cb\\u003EQSSXの理由\\u003C/b\\u003E\\u003C/font\\u003E\\u003C/div\\u003E\",\"styleMap\":{\"width\":138},\"formatted\":\"\\u003Cdiv\\u003E\\u003Cfont size=\\\"4\\\"\\u003E\\u003Cb\\u003EQSSXの理由\\u003C/b\\u003E\\u003C/font\\u003E\\u003C/div\\u003E\",\"type\":\"LABEL\"},{\"isVirtical\":true,\"styleMap\":{\"width\":762},\"type\":\"SINGLE_LINE_TEXT\",\"var\":\"QSSの理由\",\"label\":\"QSSの理由\"}]},{\"id\":null,\"type\":\"ROW\",\"isSubTable\":false,\"var\":null,\"label\":null,\"controlList\":[{\"label\":\"\\u003Cdiv\\u003E\\u003Cfont size=\\\"4\\\"\\u003E\\u003Cb\\u003E当日の営業の状況\\u003C/b\\u003E\\u003C/font\\u003E\\u003C/div\\u003E\",\"styleMap\":{\"width\":194},\"formatted\":\"\\u003Cdiv\\u003E\\u003Cfont size=\\\"4\\\"\\u003E\\u003Cb\\u003E当日の営業の状況\\u003C/b\\u003E\\u003C/font\\u003E\\u003C/div\\u003E\",\"type\":\"LABEL\"},{\"styleMap\":{\"width\":86,\"height\":48},\"elementId\":\"\",\"type\":\"SPACER\"},{\"isVirtical\":true,\"styleMap\":{\"width\":762},\"type\":\"SINGLE_LINE_TEXT\",\"var\":\"QSSの理由_0\",\"label\":\"QSSの理由\"}]},{\"id\":null,\"type\":\"ROW\",\"isSubTable\":false,\"var\":null,\"label\":null,\"controlList\":[{\"styleMap\":{\"width\":80,\"height\":48},\"elementId\":\"\",\"type\":\"SPACER\"},{\"label\":\"\\u003Cdiv\\u003E\\u003Cfont size=\\\"4\\\"\\u003E\\u003Cb\\u003EST開始時間を入力➡\\u003C/b\\u003E\\u003C/font\\u003E\\u003C/div\\u003E\",\"styleMap\":{\"width\":200},\"formatted\":\"\\u003Cdiv\\u003E\\u003Cfont size=\\\"4\\\"\\u003E\\u003Cb\\u003EST開始時間を入力➡\\u003C/b\\u003E\\u003C/font\\u003E\\u003C/div\\u003E\",\"type\":\"LABEL\"},{\"isVirtical\":true,\"styleMap\":{\"width\":60},\"type\":\"SINGLE_LINE_TEXT\",\"var\":\"文字列__1行__0\",\"label\":\"文字列 (1行)\"},{\"isVirtical\":true,\"styleMap\":{\"width\":60},\"type\":\"SINGLE_LINE_TEXT\",\"var\":\"文字列__1行__1\",\"label\":\"文字列 (1行)\"},{\"isVirtical\":true,\"styleMap\":{\"width\":60},\"type\":\"SINGLE_LINE_TEXT\",\"var\":\"文字列__1行__7\",\"label\":\"文字列 (1行)\"},{\"isVirtical\":true,\"styleMap\":{\"width\":60},\"type\":\"SINGLE_LINE_TEXT\",\"var\":\"文字列__1行__6\",\"label\":\"文字列 (1行)\"},{\"isVirtical\":true,\"styleMap\":{\"width\":60},\"type\":\"SINGLE_LINE_TEXT\",\"var\":\"文字列__1行__5\",\"label\":\"文字列 (1行)\"},{\"isVirtical\":true,\"styleMap\":{\"width\":60},\"type\":\"SINGLE_LINE_TEXT\",\"var\":\"文字列__1行__4\",\"label\":\"文字列 (1行)\"},{\"isVirtical\":true,\"styleMap\":{\"width\":60},\"type\":\"SINGLE_LINE_TEXT\",\"var\":\"文字列__1行__3\",\"label\":\"文字列 (1行)\"},{\"isVirtical\":true,\"styleMap\":{\"width\":60},\"type\":\"SINGLE_LINE_TEXT\",\"var\":\"文字列__1行__2\",\"label\":\"文字列 (1行)\"},{\"isVirtical\":true,\"styleMap\":{\"width\":60},\"type\":\"SINGLE_LINE_TEXT\",\"var\":\"文字列__1行__15\",\"label\":\"文字列 (1行)\"},{\"isVirtical\":true,\"styleMap\":{\"width\":60},\"type\":\"SINGLE_LINE_TEXT\",\"var\":\"文字列__1行__14\",\"label\":\"文字列 (1行)\"},{\"isVirtical\":true,\"styleMap\":{\"width\":60},\"type\":\"SINGLE_LINE_TEXT\",\"var\":\"文字列__1行__13\",\"label\":\"文字列 (1行)\"},{\"isVirtical\":true,\"styleMap\":{\"width\":60},\"type\":\"SINGLE_LINE_TEXT\",\"var\":\"文字列__1行__12\",\"label\":\"文字列 (1行)\"},{\"isVirtical\":true,\"styleMap\":{\"width\":60},\"type\":\"SINGLE_LINE_TEXT\",\"var\":\"文字列__1行__11\",\"label\":\"文字列 (1行)\"},{\"isVirtical\":true,\"styleMap\":{\"width\":60},\"type\":\"SINGLE_LINE_TEXT\",\"var\":\"文字列__1行__10\",\"label\":\"文字列 (1行)\"},{\"isVirtical\":true,\"styleMap\":{\"width\":60},\"type\":\"SINGLE_LINE_TEXT\",\"var\":\"文字列__1行__9\",\"label\":\"文字列 (1行)\"}]},{\"id\":null,\"type\":\"ROW\",\"isSubTable\":false,\"var\":null,\"label\":null,\"controlList\":[{\"styleMap\":{\"width\":86,\"height\":28},\"elementId\":\"\",\"type\":\"SPACER\"},{\"label\":\"\\u003Cdiv\\u003E\\u003Cfont size=\\\"4\\\"\\u003E\\u003Cb\\u003E時間帯別客数予測\\u003C/b\\u003E\\u003C/font\\u003E\\u003C/div\\u003E\",\"styleMap\":{\"width\":194},\"formatted\":\"\\u003Cdiv\\u003E\\u003Cfont size=\\\"4\\\"\\u003E\\u003Cb\\u003E時間帯別客数予測\\u003C/b\\u003E\\u003C/font\\u003E\\u003C/div\\u003E\",\"type\":\"LABEL\"},{\"isVirtical\":true,\"styleMap\":{\"width\":60},\"type\":\"SINGLE_LINE_TEXT\",\"var\":\"文字列__1行__8\",\"label\":\"文字列 (1行)\"},{\"isVirtical\":true,\"styleMap\":{\"width\":60},\"type\":\"SINGLE_LINE_TEXT\",\"var\":\"文字列__1行__19\",\"label\":\"文字列 (1行)\"},{\"isVirtical\":true,\"styleMap\":{\"width\":60},\"type\":\"SINGLE_LINE_TEXT\",\"var\":\"文字列__1行__18\",\"label\":\"文字列 (1行)\"},{\"isVirtical\":true,\"styleMap\":{\"width\":60},\"type\":\"SINGLE_LINE_TEXT\",\"var\":\"文字列__1行__17\",\"label\":\"文字列 (1行)\"},{\"isVirtical\":true,\"styleMap\":{\"width\":60},\"type\":\"SINGLE_LINE_TEXT\",\"var\":\"文字列__1行__16\",\"label\":\"文字列 (1行)\"},{\"isVirtical\":true,\"styleMap\":{\"width\":60},\"type\":\"SINGLE_LINE_TEXT\",\"var\":\"文字列__1行__25\",\"label\":\"文字列 (1行)\"},{\"isVirtical\":true,\"styleMap\":{\"width\":60},\"type\":\"SINGLE_LINE_TEXT\",\"var\":\"文字列__1行__24\",\"label\":\"文字列 (1行)\"},{\"isVirtical\":true,\"styleMap\":{\"width\":60},\"type\":\"SINGLE_LINE_TEXT\",\"var\":\"文字列__1行__23\",\"label\":\"文字列 (1行)\"},{\"isVirtical\":true,\"styleMap\":{\"width\":60},\"type\":\"SINGLE_LINE_TEXT\",\"var\":\"文字列__1行__22\",\"label\":\"文字列 (1行)\"},{\"isVirtical\":true,\"styleMap\":{\"width\":60},\"type\":\"SINGLE_LINE_TEXT\",\"var\":\"文字列__1行__21\",\"label\":\"文字列 (1行)\"},{\"isVirtical\":true,\"styleMap\":{\"width\":60},\"type\":\"SINGLE_LINE_TEXT\",\"var\":\"文字列__1行__20\",\"label\":\"文字列 (1行)\"},{\"isVirtical\":true,\"styleMap\":{\"width\":60},\"type\":\"SINGLE_LINE_TEXT\",\"var\":\"文字列__1行__28\",\"label\":\"文字列 (1行)\"},{\"isVirtical\":true,\"styleMap\":{\"width\":60},\"type\":\"SINGLE_LINE_TEXT\",\"var\":\"文字列__1行__27\",\"label\":\"文字列 (1行)\"},{\"isVirtical\":true,\"styleMap\":{\"width\":60},\"type\":\"SINGLE_LINE_TEXT\",\"var\":\"文字列__1行__26\",\"label\":\"文字列 (1行)\"},{\"isVirtical\":true,\"styleMap\":{\"width\":60},\"type\":\"SINGLE_LINE_TEXT\",\"var\":\"文字列__1行__29\",\"label\":\"文字列 (1行)\"}]},{\"id\":null,\"type\":\"ROW\",\"isSubTable\":false,\"var\":null,\"label\":null,\"controlList\":[{\"styleMap\":{\"width\":86,\"height\":35},\"elementId\":\"\",\"type\":\"SPACER\"},{\"label\":\"\\u003Cdiv\\u003E\\u003Cfont size=\\\"4\\\"\\u003E\\u003Cb\\u003E時間帯別客数実績\\u003C/b\\u003E\\u003C/font\\u003E\\u003C/div\\u003E\",\"styleMap\":{\"width\":194},\"formatted\":\"\\u003Cdiv\\u003E\\u003Cfont size=\\\"4\\\"\\u003E\\u003Cb\\u003E時間帯別客数実績\\u003C/b\\u003E\\u003C/font\\u003E\\u003C/div\\u003E\",\"type\":\"LABEL\"},{\"isVirtical\":true,\"styleMap\":{\"width\":60},\"type\":\"SINGLE_LINE_TEXT\",\"var\":\"文字列__1行__34\",\"label\":\"文字列 (1行)\"},{\"isVirtical\":true,\"styleMap\":{\"width\":60},\"type\":\"SINGLE_LINE_TEXT\",\"var\":\"文字列__1行__33\",\"label\":\"文字列 (1行)\"},{\"isVirtical\":true,\"styleMap\":{\"width\":60},\"type\":\"SINGLE_LINE_TEXT\",\"var\":\"文字列__1行__32\",\"label\":\"文字列 (1行)\"},{\"isVirtical\":true,\"styleMap\":{\"width\":60},\"type\":\"SINGLE_LINE_TEXT\",\"var\":\"文字列__1行__31\",\"label\":\"文字列 (1行)\"},{\"isVirtical\":true,\"styleMap\":{\"width\":60},\"type\":\"SINGLE_LINE_TEXT\",\"var\":\"文字列__1行__30\",\"label\":\"文字列 (1行)\"},{\"isVirtical\":true,\"styleMap\":{\"width\":60},\"type\":\"SINGLE_LINE_TEXT\",\"var\":\"文字列__1行__39\",\"label\":\"文字列 (1行)\"},{\"isVirtical\":true,\"styleMap\":{\"width\":60},\"type\":\"SINGLE_LINE_TEXT\",\"var\":\"文字列__1行__38\",\"label\":\"文字列 (1行)\"},{\"isVirtical\":true,\"styleMap\":{\"width\":60},\"type\":\"SINGLE_LINE_TEXT\",\"var\":\"文字列__1行__37\",\"label\":\"文字列 (1行)\"},{\"isVirtical\":true,\"styleMap\":{\"width\":60},\"type\":\"SINGLE_LINE_TEXT\",\"var\":\"文字列__1行__36\",\"label\":\"文字列 (1行)\"},{\"isVirtical\":true,\"styleMap\":{\"width\":60},\"type\":\"SINGLE_LINE_TEXT\",\"var\":\"文字列__1行__35\",\"label\":\"文字列 (1行)\"},{\"isVirtical\":true,\"styleMap\":{\"width\":60},\"type\":\"SINGLE_LINE_TEXT\",\"var\":\"文字列__1行__43\",\"label\":\"文字列 (1行)\"},{\"isVirtical\":true,\"styleMap\":{\"width\":60},\"type\":\"SINGLE_LINE_TEXT\",\"var\":\"文字列__1行__42\",\"label\":\"文字列 (1行)\"},{\"isVirtical\":true,\"styleMap\":{\"width\":60},\"type\":\"SINGLE_LINE_TEXT\",\"var\":\"文字列__1行__41\",\"label\":\"文字列 (1行)\"},{\"isVirtical\":true,\"styleMap\":{\"width\":60},\"type\":\"SINGLE_LINE_TEXT\",\"var\":\"文字列__1行__40\",\"label\":\"文字列 (1行)\"},{\"isVirtical\":true,\"styleMap\":{\"width\":60},\"type\":\"SINGLE_LINE_TEXT\",\"var\":\"文字列__1行__44\",\"label\":\"文字列 (1行)\"}]},{\"id\":null,\"type\":\"ROW\",\"isSubTable\":false,\"var\":null,\"label\":null,\"controlList\":[{\"styleMap\":{\"width\":86,\"height\":35},\"elementId\":\"\",\"type\":\"SPACER\"},{\"label\":\"\\u003Cdiv\\u003E\\u003Cfont size=\\\"4\\\"\\u003E\\u003Cb\\u003Eうち宴会実績\\u003C/b\\u003E\\u003C/font\\u003E\\u003C/div\\u003E\",\"styleMap\":{\"width\":194},\"formatted\":\"\\u003Cdiv\\u003E\\u003Cfont size=\\\"4\\\"\\u003E\\u003Cb\\u003Eうち宴会実績\\u003C/b\\u003E\\u003C/font\\u003E\\u003C/div\\u003E\",\"type\":\"LABEL\"},{\"isVirtical\":true,\"styleMap\":{\"width\":60},\"type\":\"SINGLE_LINE_TEXT\",\"var\":\"文字列__1行__46\",\"label\":\"文字列 (1行)\"},{\"isVirtical\":true,\"styleMap\":{\"width\":60},\"type\":\"SINGLE_LINE_TEXT\",\"var\":\"文字列__1行__45\",\"label\":\"文字列 (1行)\"},{\"isVirtical\":true,\"styleMap\":{\"width\":60},\"type\":\"SINGLE_LINE_TEXT\",\"var\":\"文字列__1行__52\",\"label\":\"文字列 (1行)\"},{\"isVirtical\":true,\"styleMap\":{\"width\":60},\"type\":\"SINGLE_LINE_TEXT\",\"var\":\"文字列__1行__51\",\"label\":\"文字列 (1行)\"},{\"isVirtical\":true,\"styleMap\":{\"width\":60},\"type\":\"SINGLE_LINE_TEXT\",\"var\":\"文字列__1行__50\",\"label\":\"文字列 (1行)\"},{\"isVirtical\":true,\"styleMap\":{\"width\":60},\"type\":\"SINGLE_LINE_TEXT\",\"var\":\"文字列__1行__49\",\"label\":\"文字列 (1行)\"},{\"isVirtical\":true,\"styleMap\":{\"width\":60},\"type\":\"SINGLE_LINE_TEXT\",\"var\":\"文字列__1行__48\",\"label\":\"文字列 (1行)\"},{\"isVirtical\":true,\"styleMap\":{\"width\":60},\"type\":\"SINGLE_LINE_TEXT\",\"var\":\"文字列__1行__47\",\"label\":\"文字列 (1行)\"},{\"isVirtical\":true,\"styleMap\":{\"width\":60},\"type\":\"SINGLE_LINE_TEXT\",\"var\":\"文字列__1行__57\",\"label\":\"文字列 (1行)\"},{\"isVirtical\":true,\"styleMap\":{\"width\":60},\"type\":\"SINGLE_LINE_TEXT\",\"var\":\"文字列__1行__56\",\"label\":\"文字列 (1行)\"},{\"isVirtical\":true,\"styleMap\":{\"width\":60},\"type\":\"SINGLE_LINE_TEXT\",\"var\":\"文字列__1行__55\",\"label\":\"文字列 (1行)\"},{\"isVirtical\":true,\"styleMap\":{\"width\":60},\"type\":\"SINGLE_LINE_TEXT\",\"var\":\"文字列__1行__54\",\"label\":\"文字列 (1行)\"},{\"isVirtical\":true,\"styleMap\":{\"width\":60},\"type\":\"SINGLE_LINE_TEXT\",\"var\":\"文字列__1行__53\",\"label\":\"文字列 (1行)\"},{\"isVirtical\":true,\"styleMap\":{\"width\":60},\"type\":\"SINGLE_LINE_TEXT\",\"var\":\"文字列__1行__59\",\"label\":\"文字列 (1行)\"},{\"isVirtical\":true,\"styleMap\":{\"width\":60},\"type\":\"SINGLE_LINE_TEXT\",\"var\":\"文字列__1行__58\",\"label\":\"文字列 (1行)\"}]},{\"id\":null,\"type\":\"ROW\",\"isSubTable\":false,\"var\":null,\"label\":null,\"controlList\":[{\"styleMap\":{\"width\":86,\"height\":35},\"elementId\":\"\",\"type\":\"SPACER\"},{\"label\":\"\\u003Cdiv\\u003E\\u003Cfont size=\\\"4\\\"\\u003E\\u003Cb\\u003E時間責任者\\u003C/b\\u003E\\u003C/font\\u003E\\u003C/div\\u003E\",\"styleMap\":{\"width\":194},\"formatted\":\"\\u003Cdiv\\u003E\\u003Cfont size=\\\"4\\\"\\u003E\\u003Cb\\u003E時間責任者\\u003C/b\\u003E\\u003C/font\\u003E\\u003C/div\\u003E\",\"type\":\"LABEL\"},{\"isVirtical\":true,\"styleMap\":{\"width\":390},\"type\":\"SINGLE_LINE_TEXT\",\"var\":\"文字列__1行__60\",\"label\":\"文字列 (1行)\"}]},{\"id\":null,\"type\":\"ROW\",\"isSubTable\":false,\"var\":null,\"label\":null,\"controlList\":[{\"styleMap\":{\"width\":86,\"height\":35},\"elementId\":\"\",\"type\":\"SPACER\"},{\"label\":\"\\u003Cdiv\\u003E\\u003Cfont size=\\\"4\\\"\\u003E\\u003Cb\\u003Eシフト状況\\u003C/b\\u003E\\u003C/font\\u003E\\u003C/div\\u003E\",\"styleMap\":{\"width\":194},\"formatted\":\"\\u003Cdiv\\u003E\\u003Cfont size=\\\"4\\\"\\u003E\\u003Cb\\u003Eシフト状況\\u003C/b\\u003E\\u003C/font\\u003E\\u003C/div\\u003E\",\"type\":\"LABEL\"},{\"label\":\"\\u003Cdiv\\u003E\\u003Cb\\u003E\\u003Cfont size=\\\"4\\\"\\u003E欠員\\u003C/font\\u003E\\u003C/b\\u003E\\u003C/div\\u003E\",\"styleMap\":{\"width\":74},\"formatted\":\"\\u003Cdiv\\u003E\\u003Cb\\u003E\\u003Cfont size=\\\"4\\\"\\u003E欠員\\u003C/font\\u003E\\u003C/b\\u003E\\u003C/div\\u003E\",\"type\":\"LABEL\"},{\"isVirtical\":true,\"styleMap\":{\"width\":91},\"type\":\"DECIMAL\",\"var\":\"数値\",\"label\":\"数値\"},{\"label\":\"\\u003Cdiv\\u003E\\u003Cfont size=\\\"4\\\"\\u003E\\u003Cb\\u003Eホール\\u003C/b\\u003E\\u003C/font\\u003E\\u003C/div\\u003E\",\"styleMap\":{\"width\":86},\"formatted\":\"\\u003Cdiv\\u003E\\u003Cfont size=\\\"4\\\"\\u003E\\u003Cb\\u003Eホール\\u003C/b\\u003E\\u003C/font\\u003E\\u003C/div\\u003E\",\"type\":\"LABEL\"},{\"isVirtical\":true,\"styleMap\":{\"width\":91},\"type\":\"DECIMAL\",\"var\":\"数値_0\",\"label\":\"数値\"},{\"label\":\"\\u003Cdiv\\u003E\\u003Cfont size=\\\"4\\\"\\u003E\\u003Cb\\u003Eキッチン\\u003C/b\\u003E\\u003C/font\\u003E\\u003C/div\\u003E\",\"styleMap\":{\"width\":107},\"formatted\":\"\\u003Cdiv\\u003E\\u003Cfont size=\\\"4\\\"\\u003E\\u003Cb\\u003Eキッチン\\u003C/b\\u003E\\u003C/font\\u003E\\u003C/div\\u003E\",\"type\":\"LABEL\"},{\"isVirtical\":true,\"styleMap\":{\"width\":91},\"type\":\"DECIMAL\",\"var\":\"数値_1\",\"label\":\"数値\"}]},{\"id\":null,\"type\":\"ROW\",\"isSubTable\":false,\"var\":null,\"label\":null,\"controlList\":[{\"styleMap\":{\"width\":86,\"height\":35},\"elementId\":\"\",\"type\":\"SPACER\"},{\"label\":\"\\u003Cdiv\\u003E\\u003Cfont size=\\\"4\\\"\\u003E\\u003Cb\\u003E対応者\\u003C/b\\u003E\\u003C/font\\u003E\\u003C/div\\u003E\",\"styleMap\":{\"width\":194},\"formatted\":\"\\u003Cdiv\\u003E\\u003Cfont size=\\\"4\\\"\\u003E\\u003Cb\\u003E対応者\\u003C/b\\u003E\\u003C/font\\u003E\\u003C/div\\u003E\",\"type\":\"LABEL\"},{\"isVirtical\":true,\"styleMap\":{\"width\":390},\"type\":\"SINGLE_LINE_TEXT\",\"var\":\"文字列__1行__61\",\"label\":\"文字列 (1行)\"}]},{\"id\":null,\"type\":\"ROW\",\"isSubTable\":false,\"var\":null,\"label\":null,\"controlList\":[{\"styleMap\":{\"width\":86,\"height\":35},\"elementId\":\"\",\"type\":\"SPACER\"},{\"label\":\"\\u003Cdiv\\u003E\\u003Cfont size=\\\"4\\\"\\u003E\\u003Cb\\u003E対応時の状況\\u003C/b\\u003E\\u003C/font\\u003E\\u003C/div\\u003E\",\"styleMap\":{\"width\":194},\"formatted\":\"\\u003Cdiv\\u003E\\u003Cfont size=\\\"4\\\"\\u003E\\u003Cb\\u003E対応時の状況\\u003C/b\\u003E\\u003C/font\\u003E\\u003C/div\\u003E\",\"type\":\"LABEL\"},{\"isVirtical\":true,\"styleMap\":{\"width\":390},\"type\":\"SINGLE_LINE_TEXT\",\"var\":\"文字列__1行__62\",\"label\":\"文字列 (1行)\"}]},{\"id\":null,\"type\":\"ROW\",\"isSubTable\":false,\"var\":null,\"label\":null,\"controlList\":[{\"label\":\"\\u003Cdiv\\u003E\\u003Cfont size=\\\"4\\\"\\u003E\\u003Cb\\u003Eお客様対応\\u003C/b\\u003E\\u003C/font\\u003E\\u003Cb style=\\\"font-size:large\\\"\\u003Eの状況\\u003C/b\\u003E\\u003C/div\\u003E\",\"styleMap\":{\"width\":194},\"formatted\":\"\\u003Cdiv\\u003E\\u003Cfont size=\\\"4\\\"\\u003E\\u003Cb\\u003Eお客様対応\\u003C/b\\u003E\\u003C/font\\u003E\\u003Cb style=\\\"font-size:large\\\"\\u003Eの状況\\u003C/b\\u003E\\u003C/div\\u003E\",\"type\":\"LABEL\"},{\"label\":\"\\u003Cdiv\\u003E\\u003Cfont size=\\\"4\\\"\\u003E\\u003Cb\\u003E連絡\\u003C/b\\u003E\\u003C/font\\u003E\\u003C/div\\u003E\",\"styleMap\":{\"width\":86},\"formatted\":\"\\u003Cdiv\\u003E\\u003Cfont size=\\\"4\\\"\\u003E\\u003Cb\\u003E連絡\\u003C/b\\u003E\\u003C/font\\u003E\\u003C/div\\u003E\",\"type\":\"LABEL\"},{\"isVirtical\":true,\"styleMap\":{\"width\":196},\"type\":\"SINGLE_SELECT\",\"var\":\"選択\",\"label\":\"選択\"},{\"isVirtical\":true,\"styleMap\":{\"width\":117},\"type\":\"DATE\",\"var\":\"日付\",\"label\":\"日付\"},{\"isVirtical\":true,\"styleMap\":{\"width\":196},\"type\":\"SINGLE_SELECT\",\"var\":\"対応状況\",\"label\":\"対応状況\"}]},{\"id\":null,\"type\":\"ROW\",\"isSubTable\":false,\"var\":null,\"label\":null,\"controlList\":[{\"styleMap\":{\"width\":194,\"height\":66},\"elementId\":\"\",\"type\":\"SPACER\"},{\"label\":\"\\u003Cdiv\\u003E\\u003Cfont size=\\\"4\\\"\\u003E\\u003Cb\\u003E顛末\\u003C/b\\u003E\\u003C/font\\u003E\\u003C/div\\u003E\",\"styleMap\":{\"width\":86},\"formatted\":\"\\u003Cdiv\\u003E\\u003Cfont size=\\\"4\\\"\\u003E\\u003Cb\\u003E顛末\\u003C/b\\u003E\\u003C/font\\u003E\\u003C/div\\u003E\",\"type\":\"LABEL\"},{\"isVirtical\":true,\"styleMap\":{\"width\":313},\"type\":\"SINGLE_SELECT\",\"var\":\"選択_0\",\"label\":\"選択\"},{\"isVirtical\":true,\"styleMap\":{\"width\":196},\"type\":\"SINGLE_SELECT\",\"var\":\"対応状況_0\",\"label\":\"対応状況\"}]},{\"id\":null,\"type\":\"ROW\",\"isSubTable\":false,\"var\":null,\"label\":null,\"controlList\":[{\"label\":\"\\u003Cdiv\\u003E\\u003Cfont size=\\\"4\\\"\\u003E\\u003Cb\\u003E原因(なぜ&#xff1f;)\\u003C/b\\u003E\\u003C/font\\u003E\\u003C/div\\u003E\",\"styleMap\":{\"width\":194},\"formatted\":\"\\u003Cdiv\\u003E\\u003Cfont size=\\\"4\\\"\\u003E\\u003Cb\\u003E原因(なぜ？)\\u003C/b\\u003E\\u003C/font\\u003E\\u003C/div\\u003E\",\"type\":\"LABEL\"},{\"styleMap\":{\"width\":86,\"height\":66},\"elementId\":\"\",\"type\":\"SPACER\"},{\"isVirtical\":true,\"styleMap\":{\"width\":762,\"height\":133,\"innerHeight\":125},\"type\":\"MULTIPLE_LINE_TEXT\",\"var\":\"文字列__複数行__0\",\"label\":\"文字列 (複数行)\"}]},{\"id\":null,\"type\":\"ROW\",\"isSubTable\":false,\"var\":null,\"label\":null,\"controlList\":[{\"label\":\"\\u003Cdiv\\u003E\\u003Cfont size=\\\"4\\\"\\u003E\\u003Cb\\u003E改善策\\u003C/b\\u003E\\u003C/font\\u003E\\u003C/div\\u003E\",\"styleMap\":{\"width\":194},\"formatted\":\"\\u003Cdiv\\u003E\\u003Cfont size=\\\"4\\\"\\u003E\\u003Cb\\u003E改善策\\u003C/b\\u003E\\u003C/font\\u003E\\u003C/div\\u003E\",\"type\":\"LABEL\"},{\"styleMap\":{\"width\":86,\"height\":66},\"elementId\":\"\",\"type\":\"SPACER\"},{\"isVirtical\":true,\"styleMap\":{\"width\":449},\"type\":\"SINGLE_LINE_TEXT\",\"var\":\"内容_0\",\"label\":\"内容\"},{\"isVirtical\":true,\"styleMap\":{\"width\":193},\"type\":\"SINGLE_LINE_TEXT\",\"var\":\"確認者\",\"label\":\"確認者\"},{\"isVirtical\":true,\"styleMap\":{\"width\":117},\"type\":\"DATE\",\"var\":\"確認日\",\"label\":\"確認日\"}]},{\"id\":null,\"type\":\"ROW\",\"isSubTable\":false,\"var\":null,\"label\":null,\"controlList\":[{\"styleMap\":{\"width\":280,\"height\":48},\"elementId\":\"\",\"type\":\"SPACER\"},{\"isVirtical\":true,\"styleMap\":{\"width\":449},\"type\":\"SINGLE_LINE_TEXT\",\"var\":\"内容_4\",\"label\":\"内容\"},{\"isVirtical\":true,\"styleMap\":{\"width\":193},\"type\":\"SINGLE_LINE_TEXT\",\"var\":\"確認者_0\",\"label\":\"確認者\"},{\"isVirtical\":true,\"styleMap\":{\"width\":117},\"type\":\"DATE\",\"var\":\"確認日_0\",\"label\":\"確認日\"}]},{\"id\":null,\"type\":\"ROW\",\"isSubTable\":false,\"var\":null,\"label\":null,\"controlList\":[{\"styleMap\":{\"width\":280,\"height\":48},\"elementId\":\"\",\"type\":\"SPACER\"},{\"isVirtical\":true,\"styleMap\":{\"width\":449},\"type\":\"SINGLE_LINE_TEXT\",\"var\":\"内容_3\",\"label\":\"内容\"},{\"isVirtical\":true,\"styleMap\":{\"width\":193},\"type\":\"SINGLE_LINE_TEXT\",\"var\":\"確認者_3\",\"label\":\"確認者\"},{\"isVirtical\":true,\"styleMap\":{\"width\":117},\"type\":\"DATE\",\"var\":\"確認日_3\",\"label\":\"確認日\"}]},{\"id\":null,\"type\":\"ROW\",\"isSubTable\":false,\"var\":null,\"label\":null,\"controlList\":[{\"styleMap\":{\"width\":280,\"height\":48},\"elementId\":\"\",\"type\":\"SPACER\"},{\"isVirtical\":true,\"styleMap\":{\"width\":449},\"type\":\"SINGLE_LINE_TEXT\",\"var\":\"内容_2\",\"label\":\"内容\"},{\"isVirtical\":true,\"styleMap\":{\"width\":193},\"type\":\"SINGLE_LINE_TEXT\",\"var\":\"確認者_2\",\"label\":\"確認者\"},{\"isVirtical\":true,\"styleMap\":{\"width\":117},\"type\":\"DATE\",\"var\":\"確認日_2\",\"label\":\"確認日\"}]},{\"id\":null,\"type\":\"ROW\",\"isSubTable\":false,\"var\":null,\"label\":null,\"controlList\":[{\"styleMap\":{\"width\":280,\"height\":48},\"elementId\":\"\",\"type\":\"SPACER\"},{\"isVirtical\":true,\"styleMap\":{\"width\":449},\"type\":\"SINGLE_LINE_TEXT\",\"var\":\"内容_1\",\"label\":\"内容\"},{\"isVirtical\":true,\"styleMap\":{\"width\":193},\"type\":\"SINGLE_LINE_TEXT\",\"var\":\"確認者_1\",\"label\":\"確認者\"},{\"isVirtical\":true,\"styleMap\":{\"width\":117},\"type\":\"DATE\",\"var\":\"確認日_1\",\"label\":\"確認日\"}]},{\"id\":null,\"type\":\"ROW\",\"isSubTable\":false,\"var\":null,\"label\":null,\"controlList\":[{\"label\":\"\\u003Cdiv\\u003E\\u003Cfont size=\\\"4\\\"\\u003E\\u003Cb\\u003EAM報告欄\\u003C/b\\u003E\\u003C/font\\u003E\\u003C/div\\u003E\",\"styleMap\":{\"width\":194},\"formatted\":\"\\u003Cdiv\\u003E\\u003Cfont size=\\\"4\\\"\\u003E\\u003Cb\\u003EAM報告欄\\u003C/b\\u003E\\u003C/font\\u003E\\u003C/div\\u003E\",\"type\":\"LABEL\"},{\"styleMap\":{\"width\":86,\"height\":71},\"elementId\":\"\",\"type\":\"SPACER\"},{\"isVirtical\":true,\"styleMap\":{\"width\":148},\"type\":\"DATE\",\"var\":\"改善・定着終了日\",\"label\":\"改善・定着終了日\"}]},{\"id\":null,\"type\":\"ROW\",\"isSubTable\":false,\"var\":null,\"label\":null,\"controlList\":[{\"styleMap\":{\"width\":194,\"height\":66},\"elementId\":\"\",\"type\":\"SPACER\"},{\"styleMap\":{\"width\":86,\"height\":66},\"elementId\":\"\",\"type\":\"SPACER\"},{\"isVirtical\":true,\"styleMap\":{\"width\":759,\"height\":99,\"innerHeight\":91},\"type\":\"MULTIPLE_LINE_TEXT\",\"var\":\"文字列__複数行__1\",\"label\":\"文字列 (複数行)\"}]},{\"id\":null,\"type\":\"ROW\",\"isSubTable\":false,\"var\":null,\"label\":null,\"controlList\":[{\"label\":\"\\u003Cdiv\\u003E\\u003Cfont size=\\\"4\\\"\\u003E\\u003Cb\\u003E統括部長コメント欄\\u003C/b\\u003E\\u003C/font\\u003E\\u003Cbr /\\u003E\\u003C/div\\u003E\",\"styleMap\":{\"width\":194},\"formatted\":\"\\u003Cdiv\\u003E\\u003Cfont size=\\\"4\\\"\\u003E\\u003Cb\\u003E統括部長コメント欄\\u003C/b\\u003E\\u003C/font\\u003E\\u003Cbr\\u003E\\u003C/div\\u003E\",\"type\":\"LABEL\"},{\"styleMap\":{\"width\":86,\"height\":66},\"elementId\":\"\",\"type\":\"SPACER\"},{\"isVirtical\":true,\"styleMap\":{\"width\":759,\"height\":99,\"innerHeight\":91},\"type\":\"MULTIPLE_LINE_TEXT\",\"var\":\"文字列__複数行__2\",\"label\":\"文字列 (複数行)\"},{\"isVirtical\":true,\"styleMap\":{\"width\":134},\"type\":\"SINGLE_SELECT\",\"var\":\"顛末確認\",\"label\":\"顛末確認\"},{\"isVirtical\":true,\"styleMap\":{\"width\":134},\"type\":\"SINGLE_SELECT\",\"var\":\"改善確認\",\"label\":\"改善確認\"}]}]","revision":null},"iconMeta":null,"info":{"automaticallyChooseTitleComponent":"true","code":null,"decimalPrecision":"16","decimalScale":"4","description":"","enableBulkDeletion":"false","enableRecordReuse":"true","fiscalYearStartMonth":"4","iconKey":"APP75","iconType":"PRESET","jsFiles":null,"jsScope":"ALL","name":"アンケート報告書","roundingMode":"HALF_EVEN","theme":"PLAIN","titleComponentLocalId":null,"useComment":"true","useHistory":"true","useThumbnail":"true"},"jsFiles":[{"jsFileMetas":[{"internalName":null,"locationType":"BLOB","mime":"text/css","name":"アンケート報告書.css","url":null}],"jsType":"DESKTOP_CSS"}],"notification":{"appNotifications":[{"events":["RECORD_COMMENT_ADDED"],"target":{"entityId":"5520630","entityType":"FIELD_ENTITY","includeSubs":"false"}},{"events":["RECORD_COMMENT_ADDED"],"target":{"entityId":"5520631","entityType":"FIELD_ENTITY","includeSubs":"false"}}],"recordNotifications":[],"reminderTimezone":null,"reminders":[],"useComment":"true","useReminder":"false"},"plugins":[],"reports":[],"resource":{"tables":[{"rows":[{"fields":[],"objectId":"0","subObjectId":"-1"}],"type":"AppName"},{"rows":[{"fields":[],"objectId":"0","subObjectId":"-1"}],"type":"AppDescription"},{"rows":[{"fields":[],"objectId":"5520629","subObjectId":"-1"},{"fields":[],"objectId":"5520630","subObjectId":"-1"},{"fields":[],"objectId":"5520631","subObjectId":"-1"},{"fields":[],"objectId":"5520632","subObjectId":"-1"},{"fields":[],"objectId":"5520633","subObjectId":"-1"},{"fields":[],"objectId":"5520634","subObjectId":"-1"},{"fields":[],"objectId":"5520635","subObjectId":"-1"},{"fields":[],"objectId":"5520636","subObjectId":"-1"},{"fields":[],"objectId":"5520639","subObjectId":"-1"},{"fields":[],"objectId":"5520640","subObjectId":"-1"},{"fields":[],"objectId":"5520641","subObjectId":"-1"},{"fields":[],"objectId":"5520642","subObjectId":"-1"},{"fields":[],"objectId":"5520643","subObjectId":"-1"},{"fields":[],"objectId":"5520659","subObjectId":"-1"},{"fields":[],"objectId":"5520660","subObjectId":"-1"},{"fields":[],"objectId":"5520661","subObjectId":"-1"},{"fields":[],"objectId":"5520661","subObjectId":"5520646"},{"fields":[],"objectId":"5520661","subObjectId":"5520647"},{"fields":[],"objectId":"5520661","subObjectId":"5520648"},{"fields":[],"objectId":"5520661","subObjectId":"5520649"},{"fields":[],"objectId":"5520661","subObjectId":"5520651"},{"fields":[],"objectId":"5520661","subObjectId":"5520652"},{"fields":[],"objectId":"5520662","subObjectId":"-1"},{"fields":[],"objectId":"5520662","subObjectId":"5520653"},{"fields":[],"objectId":"5520662","subObjectId":"5520654"},{"fields":[],"objectId":"5520662","subObjectId":"5520655"},{"fields":[],"objectId":"5520662","subObjectId":"5520656"},{"fields":[],"objectId":"5520662","subObjectId":"5520657"},{"fields":[],"objectId":"5520662","subObjectId":"5520658"},{"fields":[],"objectId":"5520663","subObjectId":"-1"},{"fields":[],"objectId":"5520664","subObjectId":"-1"},{"fields":[],"objectId":"5520669","subObjectId":"-1"},{"fields":[],"objectId":"5520670","subObjectId":"-1"},{"fields":[],"objectId":"5520670","subObjectId":"5520667"},{"fields":[],"objectId":"5520670","subObjectId":"5520668"},{"fields":[],"objectId":"5520670","subObjectId":"5520673"},{"fields":[],"objectId":"5520670","subObjectId":"5520674"},{"fields":[],"objectId":"5520670","subObjectId":"5520675"},{"fields":[],"objectId":"5520670","subObjectId":"5520676"},{"fields":[],"objectId":"5520670","subObjectId":"5520677"},{"fields":[],"objectId":"5520670","subObjectId":"5520678"},{"fields":[],"objectId":"5520670","subObjectId":"5520679"},{"fields":[],"objectId":"5520670","subObjectId":"5520680"},{"fields":[],"objectId":"5520670","subObjectId":"5520681"},{"fields":[],"objectId":"5520670","subObjectId":"5520682"},{"fields":[],"objectId":"5520670","subObjectId":"5520683"},{"fields":[],"objectId":"5520670","subObjectId":"5520684"},{"fields":[],"objectId":"5520776","subObjectId":"-1"},{"fields":[],"objectId":"5520778","subObjectId":"-1"},{"fields":[],"objectId":"5520779","subObjectId":"-1"},{"fields":[],"objectId":"5520780","subObjectId":"-1"},{"fields":[],"objectId":"5520781","subObjectId":"-1"},{"fields":[],"objectId":"5520782","subObjectId":"-1"},{"fields":[],"objectId":"5520783","subObjectId":"-1"},{"fields":[],"objectId":"5520784","subObjectId":"-1"},{"fields":[],"objectId":"5520785","subObjectId":"-1"},{"fields":[],"objectId":"5520789","subObjectId":"-1"},{"fields":[],"objectId":"5520789","subObjectId":"5520686"},{"fields":[],"objectId":"5520789","subObjectId":"5520687"},{"fields":[],"objectId":"5520790","subObjectId":"-1"},{"fields":[],"objectId":"5520791","subObjectId":"-1"},{"fields":[],"objectId":"5520791","subObjectId":"5520688"},{"fields":[],"objectId":"5520791","subObjectId":"5520689"},{"fields":[],"objectId":"5520791","subObjectId":"5520690"},{"fields":[],"objectId":"5520791","subObjectId":"5520691"},{"fields":[],"objectId":"5520791","subObjectId":"5520692"},{"fields":[],"objectId":"5520791","subObjectId":"5520694"},{"fields":[],"objectId":"5520791","subObjectId":"5520695"},{"fields":[],"objectId":"5520791","subObjectId":"5520696"},{"fields":[],"objectId":"5520791","subObjectId":"5520697"},{"fields":[],"objectId":"5520791","subObjectId":"5520698"},{"fields":[],"objectId":"5520792","subObjectId":"-1"},{"fields":[],"objectId":"5520792","subObjectId":"5520763"},{"fields":[],"objectId":"5520792","subObjectId":"5520764"},{"fields":[],"objectId":"5520793","subObjectId":"-1"},{"fields":[],"objectId":"5520793","subObjectId":"5520774"},{"fields":[],"objectId":"5520793","subObjectId":"5520775"},{"fields":[],"objectId":"5520795","subObjectId":"-1"},{"fields":[],"objectId":"5520803","subObjectId":"-1"},{"fields":[],"objectId":"5520804","subObjectId":"-1"},{"fields":[],"objectId":"5520807","subObjectId":"-1"},{"fields":[],"objectId":"5520809","subObjectId":"-1"},{"fields":[],"objectId":"5520810","subObjectId":"-1"},{"fields":[],"objectId":"5520821","subObjectId":"-1"},{"fields":[],"objectId":"5520821","subObjectId":"5520816"},{"fields":[],"objectId":"5520821","subObjectId":"5520817"},{"fields":[],"objectId":"5520821","subObjectId":"5520818"},{"fields":[],"objectId":"5520821","subObjectId":"5520819"},{"fields":[],"objectId":"5520821","subObjectId":"5520820"},{"fields":[],"objectId":"5520827","subObjectId":"-1"},{"fields":[],"objectId":"5520828","subObjectId":"-1"},{"fields":[],"objectId":"5520830","subObjectId":"-1"},{"fields":[],"objectId":"5520831","subObjectId":"-1"},{"fields":[],"objectId":"5520832","subObjectId":"-1"},{"fields":[],"objectId":"5520833","subObjectId":"-1"},{"fields":[],"objectId":"5520834","subObjectId":"-1"},{"fields":[],"objectId":"5520835","subObjectId":"-1"},{"fields":[],"objectId":"5520836","subObjectId":"-1"},{"fields":[],"objectId":"5520837","subObjectId":"-1"},{"fields":[],"objectId":"5520838","subObjectId":"-1"},{"fields":[],"objectId":"5520839","subObjectId":"-1"},{"fields":[],"objectId":"5520840","subObjectId":"-1"},{"fields":[],"objectId":"5520841","subObjectId":"-1"},{"fields":[],"objectId":"5520842","subObjectId":"-1"},{"fields":[],"objectId":"5520843","subObjectId":"-1"},{"fields":[],"objectId":"5520844","subObjectId":"-1"},{"fields":[],"objectId":"5520845","subObjectId":"-1"},{"fields":[],"objectId":"5520846","subObjectId":"-1"},{"fields":[],"objectId":"5520847","subObjectId":"-1"},{"fields":[],"objectId":"5520848","subObjectId":"-1"},{"fields":[],"objectId":"5520855","subObjectId":"-1"},{"fields":[],"objectId":"5520855","subObjectId":"5520849"},{"fields":[],"objectId":"5520855","subObjectId":"5520850"},{"fields":[],"objectId":"5520856","subObjectId":"-1"},{"fields":[],"objectId":"5520856","subObjectId":"5520851"},{"fields":[],"objectId":"5520856","subObjectId":"5520852"},{"fields":[],"objectId":"5520857","subObjectId":"-1"},{"fields":[],"objectId":"5520857","subObjectId":"5520853"},{"fields":[],"objectId":"5520857","subObjectId":"5520854"},{"fields":[],"objectId":"5520858","subObjectId":"-1"},{"fields":[],"objectId":"5520863","subObjectId":"-1"},{"fields":[],"objectId":"5520864","subObjectId":"-1"},{"fields":[],"objectId":"5520865","subObjectId":"-1"},{"fields":[],"objectId":"5520865","subObjectId":"5520859"},{"fields":[],"objectId":"5520865","subObjectId":"5520860"},{"fields":[],"objectId":"5520866","subObjectId":"-1"},{"fields":[],"objectId":"5520866","subObjectId":"5520861"},{"fields":[],"objectId":"5520866","subObjectId":"5520862"},{"fields":[],"objectId":"5520867","subObjectId":"-1"},{"fields":[],"objectId":"5520868","subObjectId":"-1"},{"fields":[],"objectId":"5520869","subObjectId":"-1"},{"fields":[],"objectId":"5520870","subObjectId":"-1"},{"fields":[],"objectId":"5520871","subObjectId":"-1"},{"fields":[],"objectId":"5520872","subObjectId":"-1"},{"fields":[],"objectId":"5520873","subObjectId":"-1"},{"fields":[],"objectId":"5520874","subObjectId":"-1"},{"fields":[],"objectId":"5520875","subObjectId":"-1"},{"fields":[],"objectId":"5520876","subObjectId":"-1"},{"fields":[],"objectId":"5520877","subObjectId":"-1"},{"fields":[],"objectId":"5520878","subObjectId":"-1"},{"fields":[],"objectId":"5520879","subObjectId":"-1"},{"fields":[],"objectId":"5520880","subObjectId":"-1"},{"fields":[],"objectId":"5520881","subObjectId":"-1"},{"fields":[],"objectId":"5520882","subObjectId":"-1"},{"fields":[],"objectId":"5520883","subObjectId":"-1"},{"fields":[],"objectId":"5520884","subObjectId":"-1"},{"fields":[],"objectId":"5520885","subObjectId":"-1"},{"fields":[],"objectId":"5520886","subObjectId":"-1"},{"fields":[],"objectId":"5520887","subObjectId":"-1"},{"fields":[],"objectId":"5520888","subObjectId":"-1"},{"fields":[],"objectId":"5520889","subObjectId":"-1"},{"fields":[],"objectId":"5520890","subObjectId":"-1"},{"fields":[],"objectId":"5520891","subObjectId":"-1"},{"fields":[],"objectId":"5520892","subObjectId":"-1"},{"fields":[],"objectId":"5520893","subObjectId":"-1"},{"fields":[],"objectId":"5520894","subObjectId":"-1"},{"fields":[],"objectId":"5520895","subObjectId":"-1"},{"fields":[],"objectId":"5520896","subObjectId":"-1"},{"fields":[],"objectId":"5520897","subObjectId":"-1"},{"fields":[],"objectId":"5520898","subObjectId":"-1"},{"fields":[],"objectId":"5520899","subObjectId":"-1"},{"fields":[],"objectId":"5520900","subObjectId":"-1"},{"fields":[],"objectId":"5520901","subObjectId":"-1"},{"fields":[],"objectId":"5520902","subObjectId":"-1"},{"fields":[],"objectId":"5520903","subObjectId":"-1"},{"fields":[],"objectId":"5520904","subObjectId":"-1"},{"fields":[],"objectId":"5520905","subObjectId":"-1"},{"fields":[],"objectId":"5520906","subObjectId":"-1"},{"fields":[],"objectId":"5520907","subObjectId":"-1"},{"fields":[],"objectId":"5520908","subObjectId":"-1"},{"fields":[],"objectId":"5520909","subObjectId":"-1"},{"fields":[],"objectId":"5520910","subObjectId":"-1"},{"fields":[],"objectId":"5520911","subObjectId":"-1"},{"fields":[],"objectId":"5520912","subObjectId":"-1"},{"fields":[],"objectId":"5520913","subObjectId":"-1"},{"fields":[],"objectId":"5520914","subObjectId":"-1"},{"fields":[],"objectId":"5520915","subObjectId":"-1"},{"fields":[],"objectId":"5520916","subObjectId":"-1"},{"fields":[],"objectId":"5520917","subObjectId":"-1"},{"fields":[],"objectId":"5520918","subObjectId":"-1"},{"fields":[],"objectId":"5520919","subObjectId":"-1"},{"fields":[],"objectId":"5520920","subObjectId":"-1"},{"fields":[],"objectId":"5520921","subObjectId":"-1"},{"fields":[],"objectId":"5520922","subObjectId":"-1"},{"fields":[],"objectId":"5520923","subObjectId":"-1"},{"fields":[],"objectId":"5520924","subObjectId":"-1"},{"fields":[],"objectId":"5520925","subObjectId":"-1"},{"fields":[],"objectId":"5520926","subObjectId":"-1"},{"fields":[],"objectId":"5520927","subObjectId":"-1"},{"fields":[],"objectId":"5520928","subObjectId":"-1"},{"fields":[],"objectId":"5520929","subObjectId":"-1"},{"fields":[],"objectId":"5520930","subObjectId":"-1"},{"fields":[],"objectId":"5520931","subObjectId":"-1"}],"type":"FieldLabel"},{"rows":[{"fields":[],"objectId":"20","subObjectId":"-1"}],"type":"ViewName"},{"rows":[],"type":"CategoryName"}]},"schema":{"groups":[{"childLocalId":"5520641","vtComponentLocalId":"5520808"},{"childLocalId":"5520809","vtComponentLocalId":"5520808"},{"childLocalId":"5520810","vtComponentLocalId":"5520808"},{"childLocalId":"5520821","vtComponentLocalId":"5520808"},{"childLocalId":"5520843","vtComponentLocalId":"5520808"},{"childLocalId":"5520844","vtComponentLocalId":"5520808"},{"childLocalId":"5520845","vtComponentLocalId":"5520808"},{"childLocalId":"5520846","vtComponentLocalId":"5520808"},{"childLocalId":"5520847","vtComponentLocalId":"5520808"},{"childLocalId":"5520848","vtComponentLocalId":"5520808"}],"revision":null,"subTable":{},"table":{"fieldList":{"5520629":{"id":"5520629","label":"レコード番号","properties":{"noLabel":"false","required":"true"},"type":"RECORD_ID","var":"レコード番号"},"5520630":{"id":"5520630","label":"更新者","properties":{"noLabel":"false","required":"true"},"type":"MODIFIER","var":"更新者"},"5520631":{"id":"5520631","label":"作成者","properties":{"noLabel":"false","required":"true"},"type":"CREATOR","var":"作成者"},"5520632":{"id":"5520632","label":"更新日時","properties":{"noLabel":"false","required":"true"},"type":"MODIFIED_AT","var":"更新日時"},"5520633":{"id":"5520633","label":"作成日時","properties":{"noLabel":"false","required":"true"},"type":"CREATED_AT","var":"作成日時"},"5520634":{"id":"5520634","label":"ステータス","properties":{"noLabel":"false","required":"false"},"type":"STATUS","var":"ステータス"},"5520635":{"id":"5520635","label":"作業者","properties":{"noLabel":"false","required":"false"},"type":"STATUS_ASSIGNEE","var":"作業者"},"5520636":{"id":"5520636","label":"カテゴリー","properties":{"noLabel":"false","required":"false"},"type":"CATEGORY","var":"カテゴリー"},"5520639":{"id":"5520639","label":"店舗コード","properties":{"defaultValue":"","expression":"","hideExpression":"false","max":null,"min":null,"noLabel":"false","required":"false","unique":"false"},"type":"SINGLE_LINE_TEXT","var":"店舗コード"},"5520640":{"id":"5520640","label":"店名","properties":{"defaultValue":"","expression":"","hideExpression":"false","max":null,"min":null,"noLabel":"false","required":"false","unique":"false"},"type":"SINGLE_LINE_TEXT","var":"店名"},"5520641":{"id":"5520641","label":"エリア","properties":{"defaultValue":"","expression":"","hideExpression":"false","max":null,"min":null,"noLabel":"false","required":"false","unique":"false"},"type":"SINGLE_LINE_TEXT","var":"エリア"},"5520642":{"id":"5520642","label":"報告者","properties":{"defaultValue":"","expression":"","hideExpression":"false","max":null,"min":null,"noLabel":"false","required":"false","unique":"false"},"type":"SINGLE_LINE_TEXT","var":"報告者"},"5520643":{"id":"5520643","label":"宛先","properties":{"defaultValue":"","expression":"","hideExpression":"false","max":null,"min":null,"noLabel":"false","required":"false","unique":"false"},"type":"SINGLE_LINE_TEXT","var":"宛先"},"5520659":{"id":"5520659","label":"着日","properties":{"defaultExpression":"NOW","defaultValue":null,"noLabel":"false","required":"false","unique":"false"},"type":"DATE","var":"着日"},"5520660":{"id":"5520660","label":"御利用人数","properties":{"defaultValue":null,"digit":"false","displayScale":null,"max":null,"min":null,"noLabel":"false","required":"false","roundingMode":null,"scale":null,"unique":"false","unit":"名様","unitPosition":"AFTER"},"type":"DECIMAL","var":"御利用人数"},"5520661":{"id":"5520661","label":"手段","properties":{"defaultValue":null,"noLabel":"false","options":[{"id":"5520646","label":"アンケートはがき","valid":true},{"id":"5520647","label":"ネットアンケート","valid":true},{"id":"5520648","label":"ホットライン","valid":true},{"id":"5520649","label":"メール","valid":true},{"id":"5520651","label":"株主様はがき","valid":true},{"id":"5520652","label":"その他","valid":true}],"required":"false"},"type":"SINGLE_SELECT","var":"手段"},"5520662":{"id":"5520662","label":"内容","properties":{"defaultValue":null,"noLabel":"false","options":[{"id":"5520653","label":"利用したくない","valid":true},{"id":"5520654","label":"どちらともいえない","valid":true},{"id":"5520655","label":"ホットライン","valid":true},{"id":"5520656","label":"メール","valid":true},{"id":"5520657","label":"株主様はがき","valid":true},{"id":"5520658","label":"その他","valid":true}],"required":"false"},"type":"SINGLE_SELECT","var":"内容"},"5520663":{"id":"5520663","label":"発生場所","properties":{"defaultValue":"店内","expression":"","hideExpression":"false","max":null,"min":null,"noLabel":"false","required":"false","unique":"false"},"type":"SINGLE_LINE_TEXT","var":"発生場所"},"5520664":{"id":"5520664","label":"卓番","properties":{"defaultValue":"","expression":"","hideExpression":"false","max":null,"min":null,"noLabel":"false","required":"false","unique":"false"},"type":"SINGLE_LINE_TEXT","var":"卓番"},"5520669":{"id":"5520669","label":"発生日時","properties":{"defaultExpression":"NOW","defaultValue":null,"noLabel":"false","required":"false","unique":"false"},"type":"DATETIME","var":"発生日時"},"5520670":{"id":"5520670","label":"チェックボックス","properties":{"defaultValue":[],"noLabel":"false","options":[{"id":"5520667","label":"開閉日","valid":true},{"id":"5520668","label":"店長クレーム","valid":true},{"id":"5520673","label":"宴会","valid":true},{"id":"5520674","label":"Noと言わない","valid":true},{"id":"5520675","label":"商品作業手順","valid":true},{"id":"5520676","label":"盛付温度焼色","valid":true},{"id":"5520677","label":"その他サービス","valid":true},{"id":"5520678","label":"クレーム対応","valid":true},{"id":"5520679","label":"遅延","valid":true},{"id":"5520680","label":"その他","valid":true},{"id":"5520681","label":"クレンリネス","valid":true},{"id":"5520682","label":"近隣クレーム","valid":true},{"id":"5520683","label":"ブランド","valid":true},{"id":"5520684","label":"環境クレーム","valid":true}],"required":"false"},"type":"MULTIPLE_CHECK","var":"チェックボックス"},"5520776":{"id":"5520776","label":"その他","properties":{"defaultValue":"","noLabel":"false","required":"false"},"type":"MULTIPLE_LINE_TEXT","var":"その他"},"5520778":{"id":"5520778","label":"計画","properties":{"defaultValue":null,"digit":"true","displayScale":null,"max":null,"min":null,"noLabel":"false","required":"false","roundingMode":null,"scale":null,"unique":"false","unit":"","unitPosition":"BEFORE"},"type":"DECIMAL","var":"計画"},"5520779":{"id":"5520779","label":"週マネ","properties":{"defaultValue":null,"digit":"true","displayScale":null,"max":null,"min":null,"noLabel":"false","required":"false","roundingMode":null,"scale":null,"unique":"false","unit":"","unitPosition":"BEFORE"},"type":"DECIMAL","var":"週マネ"},"5520780":{"id":"5520780","label":"実績","properties":{"defaultValue":null,"digit":"true","displayScale":null,"max":null,"min":null,"noLabel":"false","required":"false","roundingMode":null,"scale":null,"unique":"false","unit":"","unitPosition":"BEFORE"},"type":"DECIMAL","var":"実績"},"5520781":{"id":"5520781","label":"達成率","properties":{"defaultValue":null,"digit":"true","displayScale":null,"max":null,"min":null,"noLabel":"false","required":"false","roundingMode":null,"scale":null,"unique":"false","unit":"%","unitPosition":"AFTER"},"type":"DECIMAL","var":"達成率"},"5520782":{"id":"5520782","label":"計画","properties":{"defaultValue":null,"digit":"true","displayScale":null,"max":null,"min":null,"noLabel":"false","required":"false","roundingMode":null,"scale":null,"unique":"false","unit":"","unitPosition":"BEFORE"},"type":"DECIMAL","var":"計画_0"},"5520783":{"id":"5520783","label":"週マネ","properties":{"defaultValue":null,"digit":"true","displayScale":null,"max":null,"min":null,"noLabel":"false","required":"false","roundingMode":null,"scale":null,"unique":"false","unit":"","unitPosition":"BEFORE"},"type":"DECIMAL","var":"週マネ_0"},"5520784":{"id":"5520784","label":"実績","properties":{"defaultValue":null,"digit":"true","displayScale":null,"max":null,"min":null,"noLabel":"false","required":"false","roundingMode":null,"scale":null,"unique":"false","unit":"","unitPosition":"BEFORE"},"type":"DECIMAL","var":"実績_0"},"5520785":{"id":"5520785","label":"要コン","properties":{"defaultValue":null,"digit":"true","displayScale":null,"max":null,"min":null,"noLabel":"false","required":"false","roundingMode":null,"scale":null,"unique":"false","unit":"h","unitPosition":"AFTER"},"type":"DECIMAL","var":"要コン"},"5520789":{"id":"5520789","label":"選択","properties":{"defaultValue":null,"noLabel":"false","options":[{"id":"5520686","label":"未","valid":true},{"id":"5520687","label":"済","valid":true}],"required":"false"},"type":"SINGLE_SELECT","var":"選択"},"5520790":{"id":"5520790","label":"日付","properties":{"defaultExpression":null,"defaultValue":null,"noLabel":"false","required":"false","unique":"false"},"type":"DATE","var":"日付"},"5520791":{"id":"5520791","label":"対応状況","properties":{"defaultValue":null,"noLabel":"false","options":[{"id":"5520688","label":"未対応","valid":true},{"id":"5520689","label":"メール返信済","valid":true},{"id":"5520690","label":"メール返信予定","valid":true},{"id":"5520691","label":"おわび訪問済","valid":true},{"id":"5520692","label":"おわび訪問予定","valid":true},{"id":"5520694","label":"おわび状発送済","valid":true},{"id":"5520695","label":"おわび状発送予定","valid":true},{"id":"5520696","label":"他部署にて対応依頼","valid":true},{"id":"5520697","label":"他部署にて対応予定","valid":true},{"id":"5520698","label":"その他","valid":true}],"required":"false"},"type":"SINGLE_SELECT","var":"対応状況"},"5520792":{"id":"5520792","label":"選択","properties":{"defaultValue":null,"noLabel":"false","options":[{"id":"5520763","label":"未","valid":true},{"id":"5520764","label":"済","valid":true}],"required":"false"},"type":"SINGLE_SELECT","var":"選択_0"},"5520793":{"id":"5520793","label":"対応状況","properties":{"defaultValue":null,"noLabel":"false","options":[{"id":"5520774","label":"未","valid":true},{"id":"5520775","label":"済","valid":true}],"required":"false"},"type":"SINGLE_SELECT","var":"対応状況_0"},"5520795":{"id":"5520795","label":"文字列 (複数行)","properties":{"defaultValue":"","noLabel":"true","required":"false"},"type":"MULTIPLE_LINE_TEXT","var":"文字列__複数行__0"},"5520803":{"id":"5520803","label":"改善・定着終了日","properties":{"defaultExpression":null,"defaultValue":null,"noLabel":"false","required":"false","unique":"false"},"type":"DATE","var":"改善・定着終了日"},"5520804":{"id":"5520804","label":"文字列 (複数行)","properties":{"defaultValue":"","noLabel":"true","required":"false"},"type":"MULTIPLE_LINE_TEXT","var":"文字列__複数行__1"},"5520807":{"id":"5520807","label":"文字列 (複数行)","properties":{"defaultValue":"","noLabel":"true","required":"false"},"type":"MULTIPLE_LINE_TEXT","var":"文字列__複数行__2"},"5520808":{"id":"5520808","label":"店舗情報","properties":{"noLabel":"false","open":"false","required":"false"},"type":"GROUP","var":"店舗情報"},"5520809":{"id":"5520809","label":"本部","properties":{"defaultValue":"","expression":"","hideExpression":"false","max":null,"min":null,"noLabel":"false","required":"false","unique":"false"},"type":"SINGLE_LINE_TEXT","var":"本部"},"5520810":{"id":"5520810","label":"部","properties":{"defaultValue":"","expression":"","hideExpression":"false","max":null,"min":null,"noLabel":"false","required":"false","unique":"false"},"type":"SINGLE_LINE_TEXT","var":"部"},"5520821":{"id":"5520821","label":"区分","properties":{"defaultValue":null,"noLabel":"false","options":[{"id":"5520816","label":"直営","valid":true},{"id":"5520817","label":"fc","valid":true},{"id":"5520818","label":"DFC-a","valid":true},{"id":"5520819","label":"DFC-b","valid":true},{"id":"5520820","label":"DFC-c","valid":true}],"required":"false"},"type":"SINGLE_SELECT","var":"区分"},"5520827":{"id":"5520827","label":"内容","properties":{"defaultValue":"","expression":"","hideExpression":"false","max":null,"min":null,"noLabel":"false","required":"false","unique":"false"},"type":"SINGLE_LINE_TEXT","var":"内容_0"},"5520828":{"id":"5520828","label":"確認者","properties":{"defaultValue":"","expression":"","hideExpression":"false","max":null,"min":null,"noLabel":"false","required":"false","unique":"false"},"type":"SINGLE_LINE_TEXT","var":"確認者"},"5520830":{"id":"5520830","label":"確認日","properties":{"defaultExpression":null,"defaultValue":null,"noLabel":"false","required":"false","unique":"false"},"type":"DATE","var":"確認日"},"5520831":{"id":"5520831","label":"内容","properties":{"defaultValue":"","expression":"","hideExpression":"false","max":null,"min":null,"noLabel":"true","required":"false","unique":"false"},"type":"SINGLE_LINE_TEXT","var":"内容_4"},"5520832":{"id":"5520832","label":"内容","properties":{"defaultValue":"","expression":"","hideExpression":"false","max":null,"min":null,"noLabel":"true","required":"false","unique":"false"},"type":"SINGLE_LINE_TEXT","var":"内容_3"},"5520833":{"id":"5520833","label":"内容","properties":{"defaultValue":"","expression":"","hideExpression":"false","max":null,"min":null,"noLabel":"true","required":"false","unique":"false"},"type":"SINGLE_LINE_TEXT","var":"内容_2"},"5520834":{"id":"5520834","label":"内容","properties":{"defaultValue":"","expression":"","hideExpression":"false","max":null,"min":null,"noLabel":"true","required":"false","unique":"false"},"type":"SINGLE_LINE_TEXT","var":"内容_1"},"5520835":{"id":"5520835","label":"確認者","properties":{"defaultValue":"","expression":"","hideExpression":"false","max":null,"min":null,"noLabel":"true","required":"false","unique":"false"},"type":"SINGLE_LINE_TEXT","var":"確認者_0"},"5520836":{"id":"5520836","label":"確認日","properties":{"defaultExpression":null,"defaultValue":null,"noLabel":"true","required":"false","unique":"false"},"type":"DATE","var":"確認日_0"},"5520837":{"id":"5520837","label":"確認者","properties":{"defaultValue":"","expression":"","hideExpression":"false","max":null,"min":null,"noLabel":"true","required":"false","unique":"false"},"type":"SINGLE_LINE_TEXT","var":"確認者_3"},"5520838":{"id":"5520838","label":"確認日","properties":{"defaultExpression":null,"defaultValue":null,"noLabel":"true","required":"false","unique":"false"},"type":"DATE","var":"確認日_3"},"5520839":{"id":"5520839","label":"確認者","properties":{"defaultValue":"","expression":"","hideExpression":"false","max":null,"min":null,"noLabel":"true","required":"false","unique":"false"},"type":"SINGLE_LINE_TEXT","var":"確認者_2"},"5520840":{"id":"5520840","label":"確認日","properties":{"defaultExpression":null,"defaultValue":null,"noLabel":"true","required":"false","unique":"false"},"type":"DATE","var":"確認日_2"},"5520841":{"id":"5520841","label":"確認者","properties":{"defaultValue":"","expression":"","hideExpression":"false","max":null,"min":null,"noLabel":"true","required":"false","unique":"false"},"type":"SINGLE_LINE_TEXT","var":"確認者_1"},"5520842":{"id":"5520842","label":"確認日","properties":{"defaultExpression":null,"defaultValue":null,"noLabel":"true","required":"false","unique":"false"},"type":"DATE","var":"確認日_1"},"5520843":{"id":"5520843","label":"店舗名","properties":{"defaultEntities":[],"defaultSelect":[],"entities":[],"noLabel":"false","required":"false","select":[]},"type":"USER_SELECT","var":"店舗名"},"5520844":{"id":"5520844","label":"グループ選択","properties":{"defaultEntities":[],"defaultSelect":[],"entities":[],"noLabel":"false","required":"false","select":[]},"type":"GROUP_SELECT","var":"グループ選択"},"5520845":{"id":"5520845","label":"本部長","properties":{"defaultEntities":[],"defaultSelect":[],"entities":[],"noLabel":"false","required":"false","select":[]},"type":"USER_SELECT","var":"本部長"},"5520846":{"id":"5520846","label":"部長","properties":{"defaultEntities":[],"defaultSelect":[],"entities":[],"noLabel":"false","required":"false","select":[]},"type":"USER_SELECT","var":"部長"},"5520847":{"id":"5520847","label":"AM","properties":{"defaultEntities":[],"defaultSelect":[],"entities":[],"noLabel":"false","required":"false","select":[]},"type":"USER_SELECT","var":"AM"},"5520848":{"id":"5520848","label":"FCオーナー","properties":{"defaultEntities":[],"defaultSelect":[],"entities":[],"noLabel":"false","required":"false","select":[]},"type":"USER_SELECT","var":"FCオーナー"},"5520855":{"id":"5520855","label":"Q","properties":{"defaultValue":"5520849","noLabel":"false","options":[{"id":"5520849","label":"〇","valid":true},{"id":"5520850","label":"☓","valid":true}],"required":"false"},"type":"SINGLE_SELECT","var":"ドロップダウン"},"5520856":{"id":"5520856","label":"S","properties":{"defaultValue":"5520851","noLabel":"false","options":[{"id":"5520851","label":"〇","valid":true},{"id":"5520852","label":"☓","valid":true}],"required":"false"},"type":"SINGLE_SELECT","var":"S"},"5520857":{"id":"5520857","label":"S","properties":{"defaultValue":"5520853","noLabel":"false","options":[{"id":"5520853","label":"〇","valid":true},{"id":"5520854","label":"☓","valid":true}],"required":"false"},"type":"SINGLE_SELECT","var":"S_0"},"5520858":{"id":"5520858","label":"QSSの理由","properties":{"defaultValue":"","expression":"","hideExpression":"false","max":null,"min":null,"noLabel":"true","required":"false","unique":"false"},"type":"SINGLE_LINE_TEXT","var":"QSSの理由"},"5520863":{"id":"5520863","label":"QSSの理由","properties":{"defaultValue":"","expression":"","hideExpression":"false","max":null,"min":null,"noLabel":"true","required":"false","unique":"false"},"type":"SINGLE_LINE_TEXT","var":"QSSの理由_0"},"5520864":{"id":"5520864","label":"文字列 (1行)","properties":{"defaultValue":"","expression":"","hideExpression":"false","max":null,"min":null,"noLabel":"true","required":"false","unique":"false"},"type":"SINGLE_LINE_TEXT","var":"文字列__1行__0"},"5520865":{"id":"5520865","label":"顛末確認","properties":{"defaultValue":null,"noLabel":"false","options":[{"id":"5520859","label":"〇","valid":true},{"id":"5520860","label":"☓","valid":true}],"required":"false"},"type":"SINGLE_SELECT","var":"顛末確認"},"5520866":{"id":"5520866","label":"改善確認","properties":{"defaultValue":null,"noLabel":"false","options":[{"id":"5520861","label":"sample1","valid":true},{"id":"5520862","label":"sample2","valid":true}],"required":"false"},"type":"SINGLE_SELECT","var":"改善確認"},"5520867":{"id":"5520867","label":"文字列 (1行)","properties":{"defaultValue":"","expression":"","hideExpression":"false","max":null,"min":null,"noLabel":"true","required":"false","unique":"false"},"type":"SINGLE_LINE_TEXT","var":"文字列__1行__1"},"5520868":{"id":"5520868","label":"文字列 (1行)","properties":{"defaultValue":"","expression":"","hideExpression":"false","max":null,"min":null,"noLabel":"true","required":"false","unique":"false"},"type":"SINGLE_LINE_TEXT","var":"文字列__1行__7"},"5520869":{"id":"5520869","label":"文字列 (1行)","properties":{"defaultValue":"","expression":"","hideExpression":"false","max":null,"min":null,"noLabel":"true","required":"false","unique":"false"},"type":"SINGLE_LINE_TEXT","var":"文字列__1行__6"},"5520870":{"id":"5520870","label":"文字列 (1行)","properties":{"defaultValue":"","expression":"","hideExpression":"false","max":null,"min":null,"noLabel":"true","required":"false","unique":"false"},"type":"SINGLE_LINE_TEXT","var":"文字列__1行__5"},"5520871":{"id":"5520871","label":"文字列 (1行)","properties":{"defaultValue":"","expression":"","hideExpression":"false","max":null,"min":null,"noLabel":"true","required":"false","unique":"false"},"type":"SINGLE_LINE_TEXT","var":"文字列__1行__4"},"5520872":{"id":"5520872","label":"文字列 (1行)","properties":{"defaultValue":"","expression":"","hideExpression":"false","max":null,"min":null,"noLabel":"true","required":"false","unique":"false"},"type":"SINGLE_LINE_TEXT","var":"文字列__1行__3"},"5520873":{"id":"5520873","label":"文字列 (1行)","properties":{"defaultValue":"","expression":"","hideExpression":"false","max":null,"min":null,"noLabel":"true","required":"false","unique":"false"},"type":"SINGLE_LINE_TEXT","var":"文字列__1行__2"},"5520874":{"id":"5520874","label":"文字列 (1行)","properties":{"defaultValue":"","expression":"","hideExpression":"false","max":null,"min":null,"noLabel":"true","required":"false","unique":"false"},"type":"SINGLE_LINE_TEXT","var":"文字列__1行__15"},"5520875":{"id":"5520875","label":"文字列 (1行)","properties":{"defaultValue":"","expression":"","hideExpression":"false","max":null,"min":null,"noLabel":"true","required":"false","unique":"false"},"type":"SINGLE_LINE_TEXT","var":"文字列__1行__14"},"5520876":{"id":"5520876","label":"文字列 (1行)","properties":{"defaultValue":"","expression":"","hideExpression":"false","max":null,"min":null,"noLabel":"true","required":"false","unique":"false"},"type":"SINGLE_LINE_TEXT","var":"文字列__1行__13"},"5520877":{"id":"5520877","label":"文字列 (1行)","properties":{"defaultValue":"","expression":"","hideExpression":"false","max":null,"min":null,"noLabel":"true","required":"false","unique":"false"},"type":"SINGLE_LINE_TEXT","var":"文字列__1行__12"},"5520878":{"id":"5520878","label":"文字列 (1行)","properties":{"defaultValue":"","expression":"","hideExpression":"false","max":null,"min":null,"noLabel":"true","required":"false","unique":"false"},"type":"SINGLE_LINE_TEXT","var":"文字列__1行__11"},"5520879":{"id":"5520879","label":"文字列 (1行)","properties":{"defaultValue":"","expression":"","hideExpression":"false","max":null,"min":null,"noLabel":"true","required":"false","unique":"false"},"type":"SINGLE_LINE_TEXT","var":"文字列__1行__10"},"5520880":{"id":"5520880","label":"文字列 (1行)","properties":{"defaultValue":"","expression":"","hideExpression":"false","max":null,"min":null,"noLabel":"true","required":"false","unique":"false"},"type":"SINGLE_LINE_TEXT","var":"文字列__1行__9"},"5520881":{"id":"5520881","label":"文字列 (1行)","properties":{"defaultValue":"","expression":"","hideExpression":"false","max":null,"min":null,"noLabel":"true","required":"false","unique":"false"},"type":"SINGLE_LINE_TEXT","var":"文字列__1行__8"},"5520882":{"id":"5520882","label":"文字列 (1行)","properties":{"defaultValue":"","expression":"","hideExpression":"false","max":null,"min":null,"noLabel":"true","required":"false","unique":"false"},"type":"SINGLE_LINE_TEXT","var":"文字列__1行__19"},"5520883":{"id":"5520883","label":"文字列 (1行)","properties":{"defaultValue":"","expression":"","hideExpression":"false","max":null,"min":null,"noLabel":"true","required":"false","unique":"false"},"type":"SINGLE_LINE_TEXT","var":"文字列__1行__18"},"5520884":{"id":"5520884","label":"文字列 (1行)","properties":{"defaultValue":"","expression":"","hideExpression":"false","max":null,"min":null,"noLabel":"true","required":"false","unique":"false"},"type":"SINGLE_LINE_TEXT","var":"文字列__1行__17"},"5520885":{"id":"5520885","label":"文字列 (1行)","properties":{"defaultValue":"","expression":"","hideExpression":"false","max":null,"min":null,"noLabel":"true","required":"false","unique":"false"},"type":"SINGLE_LINE_TEXT","var":"文字列__1行__16"},"5520886":{"id":"5520886","label":"文字列 (1行)","properties":{"defaultValue":"","expression":"","hideExpression":"false","max":null,"min":null,"noLabel":"true","required":"false","unique":"false"},"type":"SINGLE_LINE_TEXT","var":"文字列__1行__25"},"5520887":{"id":"5520887","label":"文字列 (1行)","properties":{"defaultValue":"","expression":"","hideExpression":"false","max":null,"min":null,"noLabel":"true","required":"false","unique":"false"},"type":"SINGLE_LINE_TEXT","var":"文字列__1行__24"},"5520888":{"id":"5520888","label":"文字列 (1行)","properties":{"defaultValue":"","expression":"","hideExpression":"false","max":null,"min":null,"noLabel":"true","required":"false","unique":"false"},"type":"SINGLE_LINE_TEXT","var":"文字列__1行__23"},"5520889":{"id":"5520889","label":"文字列 (1行)","properties":{"defaultValue":"","expression":"","hideExpression":"false","max":null,"min":null,"noLabel":"true","required":"false","unique":"false"},"type":"SINGLE_LINE_TEXT","var":"文字列__1行__22"},"5520890":{"id":"5520890","label":"文字列 (1行)","properties":{"defaultValue":"","expression":"","hideExpression":"false","max":null,"min":null,"noLabel":"true","required":"false","unique":"false"},"type":"SINGLE_LINE_TEXT","var":"文字列__1行__21"},"5520891":{"id":"5520891","label":"文字列 (1行)","properties":{"defaultValue":"","expression":"","hideExpression":"false","max":null,"min":null,"noLabel":"true","required":"false","unique":"false"},"type":"SINGLE_LINE_TEXT","var":"文字列__1行__20"},"5520892":{"id":"5520892","label":"文字列 (1行)","properties":{"defaultValue":"","expression":"","hideExpression":"false","max":null,"min":null,"noLabel":"true","required":"false","unique":"false"},"type":"SINGLE_LINE_TEXT","var":"文字列__1行__28"},"5520893":{"id":"5520893","label":"文字列 (1行)","properties":{"defaultValue":"","expression":"","hideExpression":"false","max":null,"min":null,"noLabel":"true","required":"false","unique":"false"},"type":"SINGLE_LINE_TEXT","var":"文字列__1行__27"},"5520894":{"id":"5520894","label":"文字列 (1行)","properties":{"defaultValue":"","expression":"","hideExpression":"false","max":null,"min":null,"noLabel":"true","required":"false","unique":"false"},"type":"SINGLE_LINE_TEXT","var":"文字列__1行__26"},"5520895":{"id":"5520895","label":"文字列 (1行)","properties":{"defaultValue":"","expression":"","hideExpression":"false","max":null,"min":null,"noLabel":"true","required":"false","unique":"false"},"type":"SINGLE_LINE_TEXT","var":"文字列__1行__29"},"5520896":{"id":"5520896","label":"文字列 (1行)","properties":{"defaultValue":"","expression":"","hideExpression":"false","max":null,"min":null,"noLabel":"true","required":"false","unique":"false"},"type":"SINGLE_LINE_TEXT","var":"文字列__1行__34"},"5520897":{"id":"5520897","label":"文字列 (1行)","properties":{"defaultValue":"","expression":"","hideExpression":"false","max":null,"min":null,"noLabel":"true","required":"false","unique":"false"},"type":"SINGLE_LINE_TEXT","var":"文字列__1行__33"},"5520898":{"id":"5520898","label":"文字列 (1行)","properties":{"defaultValue":"","expression":"","hideExpression":"false","max":null,"min":null,"noLabel":"true","required":"false","unique":"false"},"type":"SINGLE_LINE_TEXT","var":"文字列__1行__32"},"5520899":{"id":"5520899","label":"文字列 (1行)","properties":{"defaultValue":"","expression":"","hideExpression":"false","max":null,"min":null,"noLabel":"true","required":"false","unique":"false"},"type":"SINGLE_LINE_TEXT","var":"文字列__1行__31"},"5520900":{"id":"5520900","label":"文字列 (1行)","properties":{"defaultValue":"","expression":"","hideExpression":"false","max":null,"min":null,"noLabel":"true","required":"false","unique":"false"},"type":"SINGLE_LINE_TEXT","var":"文字列__1行__30"},"5520901":{"id":"5520901","label":"文字列 (1行)","properties":{"defaultValue":"","expression":"","hideExpression":"false","max":null,"min":null,"noLabel":"true","required":"false","unique":"false"},"type":"SINGLE_LINE_TEXT","var":"文字列__1行__39"},"5520902":{"id":"5520902","label":"文字列 (1行)","properties":{"defaultValue":"","expression":"","hideExpression":"false","max":null,"min":null,"noLabel":"true","required":"false","unique":"false"},"type":"SINGLE_LINE_TEXT","var":"文字列__1行__38"},"5520903":{"id":"5520903","label":"文字列 (1行)","properties":{"defaultValue":"","expression":"","hideExpression":"false","max":null,"min":null,"noLabel":"true","required":"false","unique":"false"},"type":"SINGLE_LINE_TEXT","var":"文字列__1行__37"},"5520904":{"id":"5520904","label":"文字列 (1行)","properties":{"defaultValue":"","expression":"","hideExpression":"false","max":null,"min":null,"noLabel":"true","required":"false","unique":"false"},"type":"SINGLE_LINE_TEXT","var":"文字列__1行__36"},"5520905":{"id":"5520905","label":"文字列 (1行)","properties":{"defaultValue":"","expression":"","hideExpression":"false","max":null,"min":null,"noLabel":"true","required":"false","unique":"false"},"type":"SINGLE_LINE_TEXT","var":"文字列__1行__35"},"5520906":{"id":"5520906","label":"文字列 (1行)","properties":{"defaultValue":"","expression":"","hideExpression":"false","max":null,"min":null,"noLabel":"true","required":"false","unique":"false"},"type":"SINGLE_LINE_TEXT","var":"文字列__1行__43"},"5520907":{"id":"5520907","label":"文字列 (1行)","properties":{"defaultValue":"","expression":"","hideExpression":"false","max":null,"min":null,"noLabel":"true","required":"false","unique":"false"},"type":"SINGLE_LINE_TEXT","var":"文字列__1行__42"},"5520908":{"id":"5520908","label":"文字列 (1行)","properties":{"defaultValue":"","expression":"","hideExpression":"false","max":null,"min":null,"noLabel":"true","required":"false","unique":"false"},"type":"SINGLE_LINE_TEXT","var":"文字列__1行__41"},"5520909":{"id":"5520909","label":"文字列 (1行)","properties":{"defaultValue":"","expression":"","hideExpression":"false","max":null,"min":null,"noLabel":"true","required":"false","unique":"false"},"type":"SINGLE_LINE_TEXT","var":"文字列__1行__40"},"5520910":{"id":"5520910","label":"文字列 (1行)","properties":{"defaultValue":"","expression":"","hideExpression":"false","max":null,"min":null,"noLabel":"true","required":"false","unique":"false"},"type":"SINGLE_LINE_TEXT","var":"文字列__1行__44"},"5520911":{"id":"5520911","label":"文字列 (1行)","properties":{"defaultValue":"","expression":"","hideExpression":"false","max":null,"min":null,"noLabel":"true","required":"false","unique":"false"},"type":"SINGLE_LINE_TEXT","var":"文字列__1行__46"},"5520912":{"id":"5520912","label":"文字列 (1行)","properties":{"defaultValue":"","expression":"","hideExpression":"false","max":null,"min":null,"noLabel":"true","required":"false","unique":"false"},"type":"SINGLE_LINE_TEXT","var":"文字列__1行__45"},"5520913":{"id":"5520913","label":"文字列 (1行)","properties":{"defaultValue":"","expression":"","hideExpression":"false","max":null,"min":null,"noLabel":"true","required":"false","unique":"false"},"type":"SINGLE_LINE_TEXT","var":"文字列__1行__52"},"5520914":{"id":"5520914","label":"文字列 (1行)","properties":{"defaultValue":"","expression":"","hideExpression":"false","max":null,"min":null,"noLabel":"true","required":"false","unique":"false"},"type":"SINGLE_LINE_TEXT","var":"文字列__1行__51"},"5520915":{"id":"5520915","label":"文字列 (1行)","properties":{"defaultValue":"","expression":"","hideExpression":"false","max":null,"min":null,"noLabel":"true","required":"false","unique":"false"},"type":"SINGLE_LINE_TEXT","var":"文字列__1行__50"},"5520916":{"id":"5520916","label":"文字列 (1行)","properties":{"defaultValue":"","expression":"","hideExpression":"false","max":null,"min":null,"noLabel":"true","required":"false","unique":"false"},"type":"SINGLE_LINE_TEXT","var":"文字列__1行__49"},"5520917":{"id":"5520917","label":"文字列 (1行)","properties":{"defaultValue":"","expression":"","hideExpression":"false","max":null,"min":null,"noLabel":"true","required":"false","unique":"false"},"type":"SINGLE_LINE_TEXT","var":"文字列__1行__48"},"5520918":{"id":"5520918","label":"文字列 (1行)","properties":{"defaultValue":"","expression":"","hideExpression":"false","max":null,"min":null,"noLabel":"true","required":"false","unique":"false"},"type":"SINGLE_LINE_TEXT","var":"文字列__1行__47"},"5520919":{"id":"5520919","label":"文字列 (1行)","properties":{"defaultValue":"","expression":"","hideExpression":"false","max":null,"min":null,"noLabel":"true","required":"false","unique":"false"},"type":"SINGLE_LINE_TEXT","var":"文字列__1行__57"},"5520920":{"id":"5520920","label":"文字列 (1行)","properties":{"defaultValue":"","expression":"","hideExpression":"false","max":null,"min":null,"noLabel":"true","required":"false","unique":"false"},"type":"SINGLE_LINE_TEXT","var":"文字列__1行__56"},"5520921":{"id":"5520921","label":"文字列 (1行)","properties":{"defaultValue":"","expression":"","hideExpression":"false","max":null,"min":null,"noLabel":"true","required":"false","unique":"false"},"type":"SINGLE_LINE_TEXT","var":"文字列__1行__55"},"5520922":{"id":"5520922","label":"文字列 (1行)","properties":{"defaultValue":"","expression":"","hideExpression":"false","max":null,"min":null,"noLabel":"true","required":"false","unique":"false"},"type":"SINGLE_LINE_TEXT","var":"文字列__1行__54"},"5520923":{"id":"5520923","label":"文字列 (1行)","properties":{"defaultValue":"","expression":"","hideExpression":"false","max":null,"min":null,"noLabel":"true","required":"false","unique":"false"},"type":"SINGLE_LINE_TEXT","var":"文字列__1行__53"},"5520924":{"id":"5520924","label":"文字列 (1行)","properties":{"defaultValue":"","expression":"","hideExpression":"false","max":null,"min":null,"noLabel":"true","required":"false","unique":"false"},"type":"SINGLE_LINE_TEXT","var":"文字列__1行__59"},"5520925":{"id":"5520925","label":"文字列 (1行)","properties":{"defaultValue":"","expression":"","hideExpression":"false","max":null,"min":null,"noLabel":"true","required":"false","unique":"false"},"type":"SINGLE_LINE_TEXT","var":"文字列__1行__58"},"5520926":{"id":"5520926","label":"文字列 (1行)","properties":{"defaultValue":"","expression":"","hideExpression":"false","max":null,"min":null,"noLabel":"true","required":"false","unique":"false"},"type":"SINGLE_LINE_TEXT","var":"文字列__1行__60"},"5520927":{"id":"5520927","label":"数値","properties":{"defaultValue":null,"digit":"false","displayScale":null,"max":null,"min":null,"noLabel":"true","required":"false","roundingMode":null,"scale":null,"unique":"false","unit":"名","unitPosition":"AFTER"},"type":"DECIMAL","var":"数値"},"5520928":{"id":"5520928","label":"数値","properties":{"defaultValue":null,"digit":"false","displayScale":null,"max":null,"min":null,"noLabel":"true","required":"false","roundingMode":null,"scale":null,"unique":"false","unit":"名","unitPosition":"AFTER"},"type":"DECIMAL","var":"数値_0"},"5520929":{"id":"5520929","label":"数値","properties":{"defaultValue":null,"digit":"false","displayScale":null,"max":null,"min":null,"noLabel":"true","required":"false","roundingMode":null,"scale":null,"unique":"false","unit":"名","unitPosition":"AFTER"},"type":"DECIMAL","var":"数値_1"},"5520930":{"id":"5520930","label":"文字列 (1行)","properties":{"defaultValue":"","expression":"","hideExpression":"false","max":null,"min":null,"noLabel":"true","required":"false","unique":"false"},"type":"SINGLE_LINE_TEXT","var":"文字列__1行__61"},"5520931":{"id":"5520931","label":"文字列 (1行)","properties":{"defaultValue":"","expression":"","hideExpression":"false","max":null,"min":null,"noLabel":"true","required":"false","unique":"false"},"type":"SINGLE_LINE_TEXT","var":"文字列__1行__62"}},"id":"1","label":"__ROOT__","properties":null,"var":"__ROOT__"}},"settingsNotesForm":{"content":null,"willBeInherited":null},"status":{"actions":[],"filters":[],"initialStateId":null,"states":[],"useStatus":"false"},"uuid":"31d8a9f2-94e8-40db-9a48-482e2c954043","views":[{"advancedMode":null,"builtinType":"ALL","device":null,"fields":[{"row":[{"columnWidth":null,"id":"5520629"},{"columnWidth":null,"id":"5520639"},{"columnWidth":null,"id":"5520640"},{"columnWidth":null,"id":"5520641"},{"columnWidth":null,"id":"5520642"},{"columnWidth":null,"id":"5520643"},{"columnWidth":null,"id":"5520659"},{"columnWidth":null,"id":"5520660"},{"columnWidth":null,"id":"5520661"},{"columnWidth":null,"id":"5520662"},{"columnWidth":null,"id":"5520663"},{"columnWidth":null,"id":"5520664"},{"columnWidth":null,"id":"5520669"},{"columnWidth":null,"id":"5520670"},{"columnWidth":null,"id":"5520776"},{"columnWidth":null,"id":"5520778"},{"columnWidth":null,"id":"5520779"},{"columnWidth":null,"id":"5520780"},{"columnWidth":null,"id":"5520781"},{"columnWidth":null,"id":"5520782"},{"columnWidth":null,"id":"5520783"},{"columnWidth":null,"id":"5520784"},{"columnWidth":null,"id":"5520785"},{"columnWidth":null,"id":"5520789"},{"columnWidth":null,"id":"5520790"},{"columnWidth":null,"id":"5520791"},{"columnWidth":null,"id":"5520792"},{"columnWidth":null,"id":"5520793"},{"columnWidth":null,"id":"5520795"},{"columnWidth":null,"id":"5520803"},{"columnWidth":null,"id":"5520804"},{"columnWidth":null,"id":"5520807"},{"columnWidth":null,"id":"5520809"},{"columnWidth":null,"id":"5520810"},{"columnWidth":null,"id":"5520821"},{"columnWidth":null,"id":"5520827"},{"columnWidth":null,"id":"5520828"},{"columnWidth":null,"id":"5520830"},{"columnWidth":null,"id":"5520831"},{"columnWidth":null,"id":"5520832"},{"columnWidth":null,"id":"5520833"},{"columnWidth":null,"id":"5520834"},{"columnWidth":null,"id":"5520835"},{"columnWidth":null,"id":"5520836"},{"columnWidth":null,"id":"5520837"},{"columnWidth":null,"id":"5520838"},{"columnWidth":null,"id":"5520839"},{"columnWidth":null,"id":"5520840"},{"columnWidth":null,"id":"5520841"},{"columnWidth":null,"id":"5520842"},{"columnWidth":null,"id":"5520843"},{"columnWidth":null,"id":"5520844"},{"columnWidth":null,"id":"5520845"},{"columnWidth":null,"id":"5520846"},{"columnWidth":null,"id":"5520847"},{"columnWidth":null,"id":"5520848"},{"columnWidth":null,"id":"5520855"},{"columnWidth":null,"id":"5520856"},{"columnWidth":null,"id":"5520857"},{"columnWidth":null,"id":"5520858"},{"columnWidth":null,"id":"5520863"},{"columnWidth":null,"id":"5520864"},{"columnWidth":null,"id":"5520865"},{"columnWidth":null,"id":"5520866"},{"columnWidth":null,"id":"5520867"},{"columnWidth":null,"id":"5520868"},{"columnWidth":null,"id":"5520869"},{"columnWidth":null,"id":"5520870"},{"columnWidth":null,"id":"5520871"},{"columnWidth":null,"id":"5520872"},{"columnWidth":null,"id":"5520873"},{"columnWidth":null,"id":"5520874"},{"columnWidth":null,"id":"5520875"},{"columnWidth":null,"id":"5520876"},{"columnWidth":null,"id":"5520877"},{"columnWidth":null,"id":"5520878"},{"columnWidth":null,"id":"5520879"},{"columnWidth":null,"id":"5520880"},{"columnWidth":null,"id":"5520881"},{"columnWidth":null,"id":"5520882"},{"columnWidth":null,"id":"5520883"},{"columnWidth":null,"id":"5520884"},{"columnWidth":null,"id":"5520885"},{"columnWidth":null,"id":"5520886"},{"columnWidth":null,"id":"5520887"},{"columnWidth":null,"id":"5520888"},{"columnWidth":null,"id":"5520889"},{"columnWidth":null,"id":"5520890"},{"columnWidth":null,"id":"5520891"},{"columnWidth":null,"id":"5520892"},{"columnWidth":null,"id":"5520893"},{"columnWidth":null,"id":"5520894"},{"columnWidth":null,"id":"5520895"},{"columnWidth":null,"id":"5520896"},{"columnWidth":null,"id":"5520897"},{"columnWidth":null,"id":"5520898"},{"columnWidth":null,"id":"5520899"},{"columnWidth":null,"id":"5520900"},{"columnWidth":null,"id":"5520901"},{"columnWidth":null,"id":"5520902"},{"columnWidth":null,"id":"5520903"},{"columnWidth":null,"id":"5520904"},{"columnWidth":null,"id":"5520905"},{"columnWidth":null,"id":"5520906"},{"columnWidth":null,"id":"5520907"},{"columnWidth":null,"id":"5520908"},{"columnWidth":null,"id":"5520909"},{"columnWidth":null,"id":"5520910"},{"columnWidth":null,"id":"5520911"},{"columnWidth":null,"id":"5520912"},{"columnWidth":null,"id":"5520913"},{"columnWidth":null,"id":"5520914"},{"columnWidth":null,"id":"5520915"},{"columnWidth":null,"id":"5520916"},{"columnWidth":null,"id":"5520917"},{"columnWidth":null,"id":"5520918"},{"columnWidth":null,"id":"5520919"},{"columnWidth":null,"id":"5520920"},{"columnWidth":null,"id":"5520921"},{"columnWidth":null,"id":"5520922"},{"columnWidth":null,"id":"5520923"},{"columnWidth":null,"id":"5520924"},{"columnWidth":null,"id":"5520925"},{"columnWidth":null,"id":"5520926"},{"columnWidth":null,"id":"5520927"},{"columnWidth":null,"id":"5520928"},{"columnWidth":null,"id":"5520929"},{"columnWidth":null,"id":"5520930"},{"columnWidth":null,"id":"5520931"}]}],"filter":{"category":null,"offset":null,"order":[],"q":null,"size":null,"sort":[]},"html":null,"keyFieldId":null,"name":"（すべて）","pager":null,"revision":null,"titleFieldId":null,"view":"20","viewType":"LIST"}]}],"description":"","iconKey":"APP75","iconMeta":null,"iconSrcAppId":"31d8a9f2-94e8-40db-9a48-482e2c954043","iconType":"PRESET","imagesMeta":[],"lookups":[],"name":"アンケート報告書","references":[],"version":"40"}