{"actions":[],"apps":[{"acl":{"app":[],"field":[],"record":[]},"app":null,"category":{"categories":[],"useCategory":"false"},"form":{"layout":"[{\"id\":null,\"type\":\"ROW\",\"isSubTable\":false,\"var\":null,\"label\":null,\"controlList\":[{\"isVirtical\":true,\"styleMap\":{\"width\":193},\"type\":\"DECIMAL\",\"var\":\"店番\",\"label\":\"店番\"},{\"isVirtical\":true,\"styleMap\":{\"width\":193},\"type\":\"SINGLE_LINE_TEXT\",\"var\":\"店舗名\",\"label\":\"店舗名\"}]},{\"id\":null,\"type\":\"ROW\",\"isSubTable\":false,\"var\":null,\"label\":null,\"controlList\":[{\"isVirtical\":true,\"styleMap\":{\"width\":193},\"type\":\"DECIMAL\",\"var\":\"GaroonのユーザーID1\",\"label\":\"GaroonのユーザーID1\"}]},{\"id\":null,\"type\":\"ROW\",\"isSubTable\":false,\"var\":null,\"label\":null,\"controlList\":[{\"isVirtical\":true,\"styleMap\":{\"width\":183},\"type\":\"DECIMAL\",\"var\":\"GaroonのユーザーID2\",\"label\":\"GaroonのユーザーID2\"}]},{\"id\":null,\"type\":\"ROW\",\"isSubTable\":false,\"var\":null,\"label\":null,\"controlList\":[{\"isVirtical\":true,\"styleMap\":{\"width\":183},\"type\":\"DECIMAL\",\"var\":\"GaroonのユーザーID3\",\"label\":\"GaroonのユーザーID3\"}]}]","revision":null},"iconMeta":null,"info":{"automaticallyChooseTitleComponent":"true","code":null,"decimalPrecision":"16","decimalScale":"4","description":"","enableBulkDeletion":"false","enableRecordReuse":"true","fiscalYearStartMonth":"4","iconKey":"APP58","iconType":"PRESET","jsFiles":null,"jsScope":"ALL","name":"Garoonユーザー連携アプリ","roundingMode":"HALF_EVEN","theme":"PLAIN","titleComponentLocalId":null,"useComment":"true","useHistory":"true","useThumbnail":"true"},"jsFiles":[],"notification":{"appNotifications":[{"events":["RECORD_COMMENT_ADDED"],"target":{"entityId":"6445559","entityType":"FIELD_ENTITY","includeSubs":"false"}},{"events":["RECORD_COMMENT_ADDED"],"target":{"entityId":"6445560","entityType":"FIELD_ENTITY","includeSubs":"false"}}],"recordNotifications":[],"reminderTimezone":null,"reminders":[],"useComment":"true","useReminder":"false"},"plugins":[],"reports":[],"resource":{"tables":[{"rows":[{"fields":[],"objectId":"0","subObjectId":"-1"}],"type":"AppName"},{"rows":[{"fields":[],"objectId":"0","subObjectId":"-1"}],"type":"AppDescription"},{"rows":[{"fields":[],"objectId":"6445558","subObjectId":"-1"},{"fields":[],"objectId":"6445559","subObjectId":"-1"},{"fields":[],"objectId":"6445560","subObjectId":"-1"},{"fields":[],"objectId":"6445561","subObjectId":"-1"},{"fields":[],"objectId":"6445562","subObjectId":"-1"},{"fields":[],"objectId":"6445563","subObjectId":"-1"},{"fields":[],"objectId":"6445564","subObjectId":"-1"},{"fields":[],"objectId":"6445565","subObjectId":"-1"},{"fields":[],"objectId":"6445566","subObjectId":"-1"},{"fields":[],"objectId":"6445567","subObjectId":"-1"},{"fields":[],"objectId":"6445883","subObjectId":"-1"},{"fields":[],"objectId":"6445884","subObjectId":"-1"},{"fields":[],"objectId":"6445885","subObjectId":"-1"}],"type":"FieldLabel"},{"rows":[{"fields":[],"objectId":"20","subObjectId":"-1"}],"type":"ViewName"},{"rows":[],"type":"CategoryName"}]},"schema":{"groups":[],"revision":null,"subTable":{},"table":{"fieldList":{"6445558":{"id":"6445558","label":"レコード番号","properties":{"noLabel":"false","required":"true"},"type":"RECORD_ID","var":"レコード番号"},"6445559":{"id":"6445559","label":"更新者","properties":{"noLabel":"false","required":"true"},"type":"MODIFIER","var":"更新者"},"6445560":{"id":"6445560","label":"作成者","properties":{"noLabel":"false","required":"true"},"type":"CREATOR","var":"作成者"},"6445561":{"id":"6445561","label":"更新日時","properties":{"noLabel":"false","required":"true"},"type":"MODIFIED_AT","var":"更新日時"},"6445562":{"id":"6445562","label":"作成日時","properties":{"noLabel":"false","required":"true"},"type":"CREATED_AT","var":"作成日時"},"6445563":{"id":"6445563","label":"ステータス","properties":{"noLabel":"false","required":"false"},"type":"STATUS","var":"ステータス"},"6445564":{"id":"6445564","label":"作業者","properties":{"noLabel":"false","required":"false"},"type":"STATUS_ASSIGNEE","var":"作業者"},"6445565":{"id":"6445565","label":"カテゴリー","properties":{"noLabel":"false","required":"false"},"type":"CATEGORY","var":"カテゴリー"},"6445566":{"id":"6445566","label":"店舗名","properties":{"defaultValue":"","expression":"","hideExpression":"false","max":null,"min":null,"noLabel":"false","required":"false","unique":"false"},"type":"SINGLE_LINE_TEXT","var":"店舗名"},"6445567":{"id":"6445567","label":"GaroonのユーザーID1","properties":{"defaultValue":null,"digit":"false","displayScale":null,"max":null,"min":null,"noLabel":"false","required":"false","roundingMode":null,"scale":null,"unique":"false","unit":"","unitPosition":"BEFORE"},"type":"DECIMAL","var":"GaroonのユーザーID1"},"6445883":{"id":"6445883","label":"店番","properties":{"defaultValue":null,"digit":"false","displayScale":null,"max":null,"min":null,"noLabel":"false","required":"false","roundingMode":null,"scale":null,"unique":"false","unit":"","unitPosition":"BEFORE"},"type":"DECIMAL","var":"店番"},"6445884":{"id":"6445884","label":"GaroonのユーザーID2","properties":{"defaultValue":null,"digit":"false","displayScale":null,"max":null,"min":null,"noLabel":"false","required":"false","roundingMode":null,"scale":null,"unique":"false","unit":"","unitPosition":"BEFORE"},"type":"DECIMAL","var":"GaroonのユーザーID2"},"6445885":{"id":"6445885","label":"GaroonのユーザーID3","properties":{"defaultValue":null,"digit":"false","displayScale":null,"max":null,"min":null,"noLabel":"false","required":"false","roundingMode":null,"scale":null,"unique":"false","unit":"","unitPosition":"BEFORE"},"type":"DECIMAL","var":"GaroonのユーザーID3"}},"id":"1","label":"__ROOT__","properties":null,"var":"__ROOT__"}},"settingsNotesForm":{"content":null,"willBeInherited":null},"status":{"actions":[],"filters":[],"initialStateId":null,"states":[],"useStatus":"false"},"uuid":"6c654bf0-fc98-4290-9b65-a2efcb74436c","views":[{"advancedMode":null,"builtinType":"ALL","device":null,"fields":[{"row":[{"columnWidth":null,"id":"6445558"},{"columnWidth":null,"id":"6445566"},{"columnWidth":null,"id":"6445567"},{"columnWidth":null,"id":"6445883"},{"columnWidth":null,"id":"6445884"},{"columnWidth":null,"id":"6445885"}]}],"filter":{"category":null,"offset":null,"order":[],"q":null,"size":null,"sort":[]},"html":null,"keyFieldId":null,"name":"（すべて）","pager":null,"revision":null,"titleFieldId":null,"view":"20","viewType":"LIST"}]}],"description":"","iconKey":"APP58","iconMeta":null,"iconSrcAppId":"6c654bf0-fc98-4290-9b65-a2efcb74436c","iconType":"PRESET","imagesMeta":[],"lookups":[],"name":"Garoonユーザー連携アプリ","references":[],"version":"40"}