{"actions":[],"apps":[{"acl":{"app":[],"field":[],"record":[]},"app":null,"category":{"categories":[],"useCategory":"false"},"form":{"layout":"[{\"id\":null,\"type\":\"ROW\",\"isSubTable\":false,\"var\":null,\"label\":null,\"controlList\":[{\"isVirtical\":true,\"styleMap\":{\"width\":516},\"type\":\"SINGLE_LINE_TEXT\",\"var\":\"該当店名\",\"label\":\"該当店名\"},{\"isVirtical\":true,\"styleMap\":{\"width\":443},\"type\":\"SINGLE_SELECT\",\"var\":\"プロセス管理の状況\",\"label\":\"プロセス管理の状況\"}]},{\"id\":\"5520384\",\"type\":\"SUBTABLE\",\"isSubTable\":true,\"var\":\"テーブル\",\"label\":\"テーブル\",\"controlList\":[{\"isVirtical\":true,\"styleMap\":{\"width\":193},\"type\":\"SINGLE_LINE_TEXT\",\"var\":\"内容\",\"label\":\"内容\"},{\"isVirtical\":true,\"styleMap\":{\"width\":193},\"type\":\"SINGLE_LINE_TEXT\",\"var\":\"担当者\",\"label\":\"担当者\"},{\"isVirtical\":true,\"styleMap\":{\"width\":117},\"type\":\"DATE\",\"var\":\"日付\",\"label\":\"日付\"}]},{\"id\":null,\"type\":\"ROW\",\"isSubTable\":false,\"var\":null,\"label\":null,\"controlList\":[{\"isVirtical\":true,\"styleMap\":{},\"canvasData\":[{\"id\":null,\"type\":\"ROW\",\"isSubTable\":false,\"var\":null,\"label\":null,\"controlList\":[{\"isVirtical\":true,\"styleMap\":{\"width\":344},\"type\":\"USER_SELECT\",\"var\":\"コールセンター\",\"label\":\"コールセンター\"},{\"isVirtical\":true,\"styleMap\":{\"width\":344},\"type\":\"USER_SELECT\",\"var\":\"コールセンター上長\",\"label\":\"コールセンター上長\"}]},{\"id\":null,\"type\":\"ROW\",\"isSubTable\":false,\"var\":null,\"label\":null,\"controlList\":[{\"isVirtical\":true,\"styleMap\":{\"width\":193},\"type\":\"SINGLE_LINE_TEXT\",\"var\":\"本部\",\"label\":\"本部\"},{\"isVirtical\":true,\"styleMap\":{\"width\":193},\"type\":\"SINGLE_LINE_TEXT\",\"var\":\"部\",\"label\":\"部\"},{\"isVirtical\":true,\"styleMap\":{\"width\":193},\"type\":\"SINGLE_LINE_TEXT\",\"var\":\"エリア\",\"label\":\"エリア\"},{\"isVirtical\":true,\"styleMap\":{\"width\":196},\"type\":\"SINGLE_SELECT\",\"var\":\"区分\",\"label\":\"区分\"}]},{\"id\":null,\"type\":\"ROW\",\"isSubTable\":false,\"var\":null,\"label\":null,\"controlList\":[{\"isVirtical\":true,\"styleMap\":{\"width\":344},\"type\":\"USER_SELECT\",\"var\":\"店舗名\",\"label\":\"店舗名\"},{\"isVirtical\":true,\"styleMap\":{\"width\":344},\"type\":\"GROUP_SELECT\",\"var\":\"グループ選択\",\"label\":\"グループ選択\"}]},{\"id\":null,\"type\":\"ROW\",\"isSubTable\":false,\"var\":null,\"label\":null,\"controlList\":[{\"isVirtical\":true,\"styleMap\":{\"width\":344},\"type\":\"USER_SELECT\",\"var\":\"本部長\",\"label\":\"本部長\"},{\"isVirtical\":true,\"styleMap\":{\"width\":344},\"type\":\"USER_SELECT\",\"var\":\"部長\",\"label\":\"部長\"}]},{\"id\":null,\"type\":\"ROW\",\"isSubTable\":false,\"var\":null,\"label\":null,\"controlList\":[{\"isVirtical\":true,\"styleMap\":{\"width\":344},\"type\":\"USER_SELECT\",\"var\":\"AM\",\"label\":\"AM\"},{\"isVirtical\":true,\"styleMap\":{\"width\":344},\"type\":\"USER_SELECT\",\"var\":\"FCオーナー\",\"label\":\"FCオーナー\"}]},{\"id\":null,\"type\":\"ROW\",\"isSubTable\":false,\"var\":null,\"label\":null,\"controlList\":[{\"isVirtical\":true,\"styleMap\":{\"width\":344},\"type\":\"USER_SELECT\",\"var\":\"管理者\",\"label\":\"管理者\"}]},{\"id\":null,\"type\":\"ROW\",\"isSubTable\":false,\"var\":null,\"label\":null,\"controlList\":[{\"isVirtical\":true,\"styleMap\":{\"width\":344},\"type\":\"USER_SELECT\",\"var\":\"店長\",\"label\":\"店長\"}]}],\"type\":\"GROUP\",\"var\":\"店舗情報詳細\",\"label\":\"店舗情報詳細(コールセンター対応)\"}]},{\"id\":null,\"type\":\"ROW\",\"isSubTable\":false,\"var\":null,\"label\":null,\"controlList\":[{\"isVirtical\":true,\"styleMap\":{\"width\":193},\"type\":\"SINGLE_LINE_TEXT\",\"var\":\"店番\",\"label\":\"店番\"},{\"isVirtical\":true,\"styleMap\":{\"width\":193},\"type\":\"SINGLE_LINE_TEXT\",\"var\":\"店名\",\"label\":\"店名\"},{\"isVirtical\":true,\"styleMap\":{\"width\":207},\"type\":\"FILE\",\"var\":\"アンケート報告書原子\",\"label\":\"アンケート報告書\"},{\"isVirtical\":true,\"styleMap\":{\"width\":207},\"type\":\"FILE\",\"var\":\"メールPDF\",\"label\":\"メールPDF\"},{\"isVirtical\":true,\"styleMap\":{\"width\":117},\"type\":\"DATE\",\"var\":\"日付_0\",\"label\":\"日付\"},{\"isVirtical\":true,\"styleMap\":{\"width\":253},\"type\":\"SINGLE_CHECK\",\"var\":\"ラジオボタン\",\"label\":\"ラジオボタン\",\"align\":\"horizontal\"}]},{\"id\":null,\"type\":\"ROW\",\"isSubTable\":false,\"var\":null,\"label\":null,\"controlList\":[{\"isVirtical\":true,\"styleMap\":{},\"canvasData\":[{\"id\":null,\"type\":\"ROW\",\"isSubTable\":false,\"var\":null,\"label\":null,\"controlList\":[{\"label\":\"\\u003Cdiv\\u003E\\u003Cb\\u003E\\u003Cfont size=\\\"4\\\"\\u003E■受付者情報\\u003C/font\\u003E\\u003C/b\\u003E\\u003C/div\\u003E\",\"styleMap\":{\"width\":176},\"formatted\":\"\\u003Cdiv\\u003E\\u003Cb\\u003E\\u003Cfont size=\\\"4\\\"\\u003E■受付者情報\\u003C/font\\u003E\\u003C/b\\u003E\\u003C/div\\u003E\",\"type\":\"LABEL\"},{\"isVirtical\":true,\"styleMap\":{\"width\":196},\"type\":\"DATETIME\",\"var\":\"受付日時\",\"label\":\"受付日時\"},{\"isVirtical\":true,\"styleMap\":{\"width\":196},\"type\":\"SINGLE_SELECT\",\"var\":\"受付者\",\"label\":\"受付者\"}]},{\"id\":null,\"type\":\"ROW\",\"isSubTable\":false,\"var\":null,\"label\":null,\"controlList\":[{\"label\":\"\\u003Cdiv\\u003E\\u003Cb\\u003E\\u003Cfont size=\\\"4\\\"\\u003E■ご来店時の情報\\u003C/font\\u003E\\u003C/b\\u003E\\u003C/div\\u003E\",\"styleMap\":{\"width\":176},\"formatted\":\"\\u003Cdiv\\u003E\\u003Cb\\u003E\\u003Cfont size=\\\"4\\\"\\u003E■ご来店時の情報\\u003C/font\\u003E\\u003C/b\\u003E\\u003C/div\\u003E\",\"type\":\"LABEL\"},{\"isVirtical\":true,\"styleMap\":{\"width\":196},\"type\":\"DATETIME\",\"var\":\"ご来店日時\",\"label\":\"ご来店日時\"},{\"isVirtical\":true,\"styleMap\":{\"width\":230},\"type\":\"DECIMAL\",\"var\":\"ご来店人数\",\"label\":\"ご来店人数\"},{\"isVirtical\":true,\"styleMap\":{\"width\":196},\"type\":\"SINGLE_SELECT\",\"var\":\"性別\",\"label\":\"性別\"},{\"isVirtical\":true,\"styleMap\":{\"width\":315},\"type\":\"SINGLE_SELECT\",\"var\":\"ご利用のお席\",\"label\":\"ご利用のお席\"}]},{\"id\":null,\"type\":\"ROW\",\"isSubTable\":false,\"var\":null,\"label\":null,\"controlList\":[{\"label\":\"\\u003Cdiv\\u003E\\u003Cb\\u003E\\u003Cfont size=\\\"4\\\"\\u003E■ご意見\\u003C/font\\u003E\\u003C/b\\u003E\\u003C/div\\u003E\",\"styleMap\":{\"width\":176},\"formatted\":\"\\u003Cdiv\\u003E\\u003Cb\\u003E\\u003Cfont size=\\\"4\\\"\\u003E■ご意見\\u003C/font\\u003E\\u003C/b\\u003E\\u003C/div\\u003E\",\"type\":\"LABEL\"},{\"isVirtical\":true,\"styleMap\":{\"width\":196},\"type\":\"SINGLE_SELECT\",\"var\":\"ご意見分類\",\"label\":\"ご意見分類\"},{\"isVirtical\":true,\"styleMap\":{\"width\":230},\"type\":\"SINGLE_LINE_TEXT\",\"var\":\"ご意見分類_選択肢にない場合_\",\"label\":\"ご意見分類(選択肢にない場合)\"},{\"isVirtical\":true,\"styleMap\":{\"width\":196},\"type\":\"SINGLE_SELECT\",\"var\":\"お客様ご要望\",\"label\":\"お客様ご要望\"}]},{\"id\":null,\"type\":\"ROW\",\"isSubTable\":false,\"var\":null,\"label\":null,\"controlList\":[{\"label\":\"\\u003Cdiv\\u003E\\u003Cb\\u003E\\u003Cfont size=\\\"4\\\"\\u003E■営業部情報\\u003C/font\\u003E\\u003C/b\\u003E\\u003C/div\\u003E\",\"styleMap\":{\"width\":176},\"formatted\":\"\\u003Cdiv\\u003E\\u003Cb\\u003E\\u003Cfont size=\\\"4\\\"\\u003E■営業部情報\\u003C/font\\u003E\\u003C/b\\u003E\\u003C/div\\u003E\",\"type\":\"LABEL\"},{\"isVirtical\":true,\"styleMap\":{\"width\":193},\"type\":\"SINGLE_LINE_TEXT\",\"var\":\"営業部連絡先\",\"label\":\"営業部連絡先\"}]},{\"id\":null,\"type\":\"ROW\",\"isSubTable\":false,\"var\":null,\"label\":null,\"controlList\":[{\"label\":\"\\u003Cdiv\\u003E\\u003Cb\\u003E\\u003Cfont size=\\\"4\\\"\\u003E■お客様情報\\u003C/font\\u003E\\u003C/b\\u003E\\u003C/div\\u003E\",\"styleMap\":{\"width\":176},\"formatted\":\"\\u003Cdiv\\u003E\\u003Cb\\u003E\\u003Cfont size=\\\"4\\\"\\u003E■お客様情報\\u003C/font\\u003E\\u003C/b\\u003E\\u003C/div\\u003E\",\"type\":\"LABEL\"},{\"isVirtical\":true,\"styleMap\":{\"width\":193},\"type\":\"SINGLE_LINE_TEXT\",\"var\":\"お名前\",\"label\":\"お名前\"},{\"isVirtical\":true,\"styleMap\":{\"width\":233},\"type\":\"SINGLE_SELECT\",\"var\":\"性別_1\",\"label\":\"性別\"},{\"isVirtical\":true,\"styleMap\":{\"width\":196},\"type\":\"DECIMAL\",\"var\":\"年齢\",\"label\":\"年齢\"},{\"isVirtical\":true,\"styleMap\":{\"width\":193},\"type\":\"SINGLE_LINE_TEXT\",\"var\":\"ご連絡先\",\"label\":\"ご連絡先\"}]},{\"id\":null,\"type\":\"ROW\",\"isSubTable\":false,\"var\":null,\"label\":null,\"controlList\":[{\"styleMap\":{\"width\":176,\"height\":66},\"elementId\":\"\",\"type\":\"SPACER\"},{\"isVirtical\":true,\"styleMap\":{\"width\":815,\"height\":162,\"innerHeight\":125},\"type\":\"MULTIPLE_LINE_TEXT\",\"var\":\"ご意見詳細\",\"label\":\"ご意見詳細\"}]},{\"id\":null,\"type\":\"ROW\",\"isSubTable\":false,\"var\":null,\"label\":null,\"controlList\":[{\"label\":\"\\u003Cdiv\\u003E\\u003Cb\\u003E\\u003Cfont size=\\\"4\\\"\\u003E■ご連絡\\u003C/font\\u003E\\u003C/b\\u003E\\u003C/div\\u003E\",\"styleMap\":{\"width\":176},\"formatted\":\"\\u003Cdiv\\u003E\\u003Cb\\u003E\\u003Cfont size=\\\"4\\\"\\u003E■ご連絡\\u003C/font\\u003E\\u003C/b\\u003E\\u003C/div\\u003E\",\"type\":\"LABEL\"},{\"isVirtical\":true,\"styleMap\":{\"width\":263},\"type\":\"SINGLE_CHECK\",\"var\":\"連絡の要・不要\",\"label\":\"連絡の要・不要\",\"align\":\"horizontal\"},{\"isVirtical\":true,\"styleMap\":{\"width\":196},\"type\":\"DATETIME\",\"var\":\"ご連絡希望日時\",\"label\":\"ご連絡希望日時\"}]},{\"id\":null,\"type\":\"ROW\",\"isSubTable\":false,\"var\":null,\"label\":null,\"controlList\":[{\"label\":\"\\u003Cdiv\\u003E\\u003Cb\\u003E\\u003Cfont size=\\\"4\\\"\\u003E■顛末\\u003C/font\\u003E\\u003C/b\\u003E\\u003C/div\\u003E\",\"styleMap\":{\"width\":176},\"formatted\":\"\\u003Cdiv\\u003E\\u003Cb\\u003E\\u003Cfont size=\\\"4\\\"\\u003E■顛末\\u003C/font\\u003E\\u003C/b\\u003E\\u003C/div\\u003E\",\"type\":\"LABEL\"},{\"isVirtical\":true,\"styleMap\":{\"width\":815,\"height\":133,\"innerHeight\":125},\"type\":\"MULTIPLE_LINE_TEXT\",\"var\":\"顛末\",\"label\":\"顛末\"}]}],\"type\":\"GROUP\",\"var\":\"お客様情報\",\"label\":\"お客様情報\"}]}]","revision":null},"iconMeta":null,"info":{"automaticallyChooseTitleComponent":"true","code":null,"decimalPrecision":"16","decimalScale":"4","description":"","enableBulkDeletion":"true","enableRecordReuse":"true","fiscalYearStartMonth":"4","iconKey":"APP62","iconType":"PRESET","jsFiles":null,"jsScope":"ALL","name":"アンケートアプリ(本番)","roundingMode":"HALF_EVEN","theme":"PLAIN","titleComponentLocalId":null,"useComment":"true","useHistory":"true","useThumbnail":"true"},"jsFiles":[{"jsFileMetas":[{"internalName":null,"locationType":"URL","mime":null,"name":null,"url":"https://js.cybozu.com/jquery/2.2.4/jquery.min.js"},{"internalName":null,"locationType":"URL","mime":null,"name":null,"url":"https://js.cybozu.com/jquery/3.7.0/jquery.min.js"},{"internalName":null,"locationType":"BLOB","mime":"text/javascript","name":"メッセージ送信.js","url":null}],"jsType":"DESKTOP"}],"notification":{"appNotifications":[{"events":["RECORD_COMMENT_ADDED"],"target":{"entityId":"5520287","entityType":"FIELD_ENTITY","includeSubs":"false"}},{"events":["RECORD_COMMENT_ADDED"],"target":{"entityId":"5520288","entityType":"FIELD_ENTITY","includeSubs":"false"}},{"events":["RECORD_STATUS_UPDATED"],"target":{"entityId":"5520292","entityType":"FIELD_ENTITY","includeSubs":"false"}}],"recordNotifications":[],"reminderTimezone":null,"reminders":[],"useComment":"true","useReminder":"false"},"plugins":[{"enabled":"true","id":"fdeplpmkengkldpdlaiegpokgmaabkkb"}],"reports":[],"resource":{"tables":[{"rows":[{"fields":[],"objectId":"0","subObjectId":"-1"}],"type":"AppName"},{"rows":[{"fields":[],"objectId":"0","subObjectId":"-1"}],"type":"AppDescription"},{"rows":[{"fields":[],"objectId":"5520286","subObjectId":"-1"},{"fields":[],"objectId":"5520287","subObjectId":"-1"},{"fields":[],"objectId":"5520288","subObjectId":"-1"},{"fields":[],"objectId":"5520289","subObjectId":"-1"},{"fields":[],"objectId":"5520290","subObjectId":"-1"},{"fields":[],"objectId":"5520291","subObjectId":"-1"},{"fields":[],"objectId":"5520292","subObjectId":"-1"},{"fields":[],"objectId":"5520293","subObjectId":"-1"},{"fields":[],"objectId":"5520297","subObjectId":"-1"},{"fields":[],"objectId":"5520300","subObjectId":"-1"},{"fields":[],"objectId":"5520301","subObjectId":"-1"},{"fields":[],"objectId":"5520302","subObjectId":"-1"},{"fields":[],"objectId":"5520303","subObjectId":"-1"},{"fields":[],"objectId":"5520304","subObjectId":"-1"},{"fields":[],"objectId":"5520305","subObjectId":"-1"},{"fields":[],"objectId":"5520306","subObjectId":"-1"},{"fields":[],"objectId":"5520384","subObjectId":"-1"},{"fields":[],"objectId":"5520383","subObjectId":"-1"},{"fields":[],"objectId":"5520437","subObjectId":"-1"},{"fields":[],"objectId":"5520438","subObjectId":"-1"},{"fields":[],"objectId":"5520404","subObjectId":"-1"},{"fields":[],"objectId":"5520439","subObjectId":"-1"},{"fields":[],"objectId":"5520439","subObjectId":"5520423"},{"fields":[],"objectId":"5520439","subObjectId":"5520424"},{"fields":[],"objectId":"5520439","subObjectId":"5520425"},{"fields":[],"objectId":"5520439","subObjectId":"5520426"},{"fields":[],"objectId":"5520439","subObjectId":"5520427"},{"fields":[],"objectId":"5520439","subObjectId":"5520428"},{"fields":[],"objectId":"5520439","subObjectId":"5520429"},{"fields":[],"objectId":"5520439","subObjectId":"5520431"},{"fields":[],"objectId":"5520439","subObjectId":"5520432"},{"fields":[],"objectId":"5520439","subObjectId":"5520433"},{"fields":[],"objectId":"5520439","subObjectId":"5520434"},{"fields":[],"objectId":"5520439","subObjectId":"5520436"},{"fields":[],"objectId":"5520439","subObjectId":"5520435"},{"fields":[],"objectId":"5520440","subObjectId":"-1"},{"fields":[],"objectId":"5520441","subObjectId":"-1"},{"fields":[],"objectId":"5520451","subObjectId":"-1"},{"fields":[],"objectId":"5520454","subObjectId":"-1"},{"fields":[],"objectId":"5520459","subObjectId":"-1"},{"fields":[],"objectId":"5520459","subObjectId":"5520457"},{"fields":[],"objectId":"5520459","subObjectId":"5520458"},{"fields":[],"objectId":"5520506","subObjectId":"-1"},{"fields":[],"objectId":"5520507","subObjectId":"-1"},{"fields":[],"objectId":"5520508","subObjectId":"-1"},{"fields":[],"objectId":"5520509","subObjectId":"-1"},{"fields":[],"objectId":"5520509","subObjectId":"5520503"},{"fields":[],"objectId":"5520509","subObjectId":"5520504"},{"fields":[],"objectId":"5520509","subObjectId":"5520510"},{"fields":[],"objectId":"5520509","subObjectId":"5520511"},{"fields":[],"objectId":"5520509","subObjectId":"5520512"},{"fields":[],"objectId":"5520523","subObjectId":"-1"},{"fields":[],"objectId":"5520524","subObjectId":"-1"},{"fields":[],"objectId":"5520525","subObjectId":"-1"},{"fields":[],"objectId":"5520528","subObjectId":"-1"},{"fields":[],"objectId":"5520531","subObjectId":"-1"},{"fields":[],"objectId":"5520532","subObjectId":"-1"},{"fields":[],"objectId":"5520558","subObjectId":"-1"},{"fields":[],"objectId":"5520558","subObjectId":"5520546"},{"fields":[],"objectId":"5520558","subObjectId":"5520547"},{"fields":[],"objectId":"5520558","subObjectId":"5520548"},{"fields":[],"objectId":"5520558","subObjectId":"5520554"},{"fields":[],"objectId":"5520558","subObjectId":"5520553"},{"fields":[],"objectId":"5520558","subObjectId":"5520552"},{"fields":[],"objectId":"5520558","subObjectId":"5520551"},{"fields":[],"objectId":"5520558","subObjectId":"5520550"},{"fields":[],"objectId":"5520558","subObjectId":"5520557"},{"fields":[],"objectId":"5520558","subObjectId":"5520556"},{"fields":[],"objectId":"5520558","subObjectId":"5520555"},{"fields":[],"objectId":"5520558","subObjectId":"5520549"},{"fields":[],"objectId":"5520558","subObjectId":"5520625"},{"fields":[],"objectId":"5520558","subObjectId":"5520570"},{"fields":[],"objectId":"5520568","subObjectId":"-1"},{"fields":[],"objectId":"5520568","subObjectId":"5520562"},{"fields":[],"objectId":"5520568","subObjectId":"5520563"},{"fields":[],"objectId":"5520568","subObjectId":"5520577"},{"fields":[],"objectId":"5520568","subObjectId":"5520576"},{"fields":[],"objectId":"5520568","subObjectId":"5520575"},{"fields":[],"objectId":"5520568","subObjectId":"5520574"},{"fields":[],"objectId":"5520568","subObjectId":"5520573"},{"fields":[],"objectId":"5520568","subObjectId":"5520572"},{"fields":[],"objectId":"5520568","subObjectId":"5520571"},{"fields":[],"objectId":"5520568","subObjectId":"5520578"},{"fields":[],"objectId":"5520568","subObjectId":"5520582"},{"fields":[],"objectId":"5520568","subObjectId":"5520581"},{"fields":[],"objectId":"5520568","subObjectId":"5520580"},{"fields":[],"objectId":"5520568","subObjectId":"5520579"},{"fields":[],"objectId":"5520568","subObjectId":"5520583"},{"fields":[],"objectId":"5520568","subObjectId":"5520584"},{"fields":[],"objectId":"5520569","subObjectId":"-1"},{"fields":[],"objectId":"5520597","subObjectId":"-1"},{"fields":[],"objectId":"5520597","subObjectId":"5520586"},{"fields":[],"objectId":"5520597","subObjectId":"5520588"},{"fields":[],"objectId":"5520597","subObjectId":"5520589"},{"fields":[],"objectId":"5520597","subObjectId":"5520590"},{"fields":[],"objectId":"5520598","subObjectId":"-1"},{"fields":[],"objectId":"5520598","subObjectId":"5520591"},{"fields":[],"objectId":"5520598","subObjectId":"5520592"},{"fields":[],"objectId":"5520598","subObjectId":"5520593"},{"fields":[],"objectId":"5520598","subObjectId":"5520594"},{"fields":[],"objectId":"5520598","subObjectId":"5520595"},{"fields":[],"objectId":"5520598","subObjectId":"5520596"},{"fields":[],"objectId":"5520599","subObjectId":"-1"},{"fields":[],"objectId":"5520600","subObjectId":"-1"},{"fields":[],"objectId":"5520608","subObjectId":"-1"},{"fields":[],"objectId":"5520608","subObjectId":"5520604"},{"fields":[],"objectId":"5520608","subObjectId":"5520605"},{"fields":[],"objectId":"5520609","subObjectId":"-1"},{"fields":[],"objectId":"5520609","subObjectId":"5520606"},{"fields":[],"objectId":"5520609","subObjectId":"5520607"},{"fields":[],"objectId":"5520610","subObjectId":"-1"},{"fields":[],"objectId":"5520611","subObjectId":"-1"},{"fields":[],"objectId":"5520617","subObjectId":"-1"},{"fields":[],"objectId":"5520617","subObjectId":"5520612"},{"fields":[],"objectId":"5520617","subObjectId":"5520613"},{"fields":[],"objectId":"5520617","subObjectId":"5520614"},{"fields":[],"objectId":"5520618","subObjectId":"-1"},{"fields":[],"objectId":"5520619","subObjectId":"-1"},{"fields":[],"objectId":"5520623","subObjectId":"-1"}],"type":"FieldLabel"},{"rows":[{"fields":[],"objectId":"5520823","subObjectId":"-1"},{"fields":[],"objectId":"5520447","subObjectId":"-1"},{"fields":[],"objectId":"20","subObjectId":"-1"}],"type":"ViewName"},{"rows":[{"fields":[],"objectId":"5520341","subObjectId":"-1"},{"fields":[],"objectId":"5520342","subObjectId":"-1"},{"fields":[],"objectId":"5520343","subObjectId":"-1"},{"fields":[],"objectId":"5520344","subObjectId":"-1"},{"fields":[],"objectId":"5520345","subObjectId":"-1"},{"fields":[],"objectId":"5520413","subObjectId":"-1"},{"fields":[],"objectId":"5520414","subObjectId":"-1"}],"type":"StatusState"},{"rows":[{"fields":[],"objectId":"5520350","subObjectId":"-1"},{"fields":[],"objectId":"5520351","subObjectId":"-1"},{"fields":[],"objectId":"5520352","subObjectId":"-1"},{"fields":[],"objectId":"5520353","subObjectId":"-1"},{"fields":[],"objectId":"5520354","subObjectId":"-1"},{"fields":[],"objectId":"5520355","subObjectId":"-1"},{"fields":[],"objectId":"5520356","subObjectId":"-1"},{"fields":[],"objectId":"5520417","subObjectId":"-1"},{"fields":[],"objectId":"5520418","subObjectId":"-1"},{"fields":[],"objectId":"5520419","subObjectId":"-1"},{"fields":[],"objectId":"5520420","subObjectId":"-1"}],"type":"StatusAction"},{"rows":[],"type":"CategoryName"}]},"schema":{"groups":[{"childLocalId":"5520528","vtComponentLocalId":"5520452"},{"childLocalId":"5520531","vtComponentLocalId":"5520452"},{"childLocalId":"5520532","vtComponentLocalId":"5520452"},{"childLocalId":"5520558","vtComponentLocalId":"5520452"},{"childLocalId":"5520568","vtComponentLocalId":"5520452"},{"childLocalId":"5520569","vtComponentLocalId":"5520452"},{"childLocalId":"5520597","vtComponentLocalId":"5520452"},{"childLocalId":"5520598","vtComponentLocalId":"5520452"},{"childLocalId":"5520599","vtComponentLocalId":"5520452"},{"childLocalId":"5520600","vtComponentLocalId":"5520452"},{"childLocalId":"5520608","vtComponentLocalId":"5520452"},{"childLocalId":"5520609","vtComponentLocalId":"5520452"},{"childLocalId":"5520610","vtComponentLocalId":"5520452"},{"childLocalId":"5520611","vtComponentLocalId":"5520452"},{"childLocalId":"5520617","vtComponentLocalId":"5520452"},{"childLocalId":"5520618","vtComponentLocalId":"5520452"},{"childLocalId":"5520619","vtComponentLocalId":"5520452"},{"childLocalId":"5520623","vtComponentLocalId":"5520452"},{"childLocalId":"5520297","vtComponentLocalId":"5520505"},{"childLocalId":"5520300","vtComponentLocalId":"5520505"},{"childLocalId":"5520301","vtComponentLocalId":"5520505"},{"childLocalId":"5520302","vtComponentLocalId":"5520505"},{"childLocalId":"5520303","vtComponentLocalId":"5520505"},{"childLocalId":"5520304","vtComponentLocalId":"5520505"},{"childLocalId":"5520404","vtComponentLocalId":"5520505"},{"childLocalId":"5520506","vtComponentLocalId":"5520505"},{"childLocalId":"5520507","vtComponentLocalId":"5520505"},{"childLocalId":"5520508","vtComponentLocalId":"5520505"},{"childLocalId":"5520509","vtComponentLocalId":"5520505"},{"childLocalId":"5520523","vtComponentLocalId":"5520505"},{"childLocalId":"5520524","vtComponentLocalId":"5520505"},{"childLocalId":"5520525","vtComponentLocalId":"5520505"}],"revision":null,"subTable":{"5520384":{"fieldList":{"5520383":{"id":"5520383","label":"担当者","properties":{"defaultValue":"","expression":"","hideExpression":"false","max":null,"min":null,"noLabel":"false","required":"false","unique":"false"},"type":"SINGLE_LINE_TEXT","var":"担当者"},"5520437":{"id":"5520437","label":"日付","properties":{"defaultExpression":"NOW","defaultValue":null,"noLabel":"false","required":"false","unique":"false"},"type":"DATE","var":"日付"},"5520438":{"id":"5520438","label":"内容","properties":{"defaultValue":"","expression":"","hideExpression":"false","max":null,"min":null,"noLabel":"false","required":"false","unique":"false"},"type":"SINGLE_LINE_TEXT","var":"内容"}},"id":"5520384","label":"テーブル","properties":{"noLabel":"false"},"var":"テーブル"}},"table":{"fieldList":{"5520286":{"id":"5520286","label":"レコード番号","properties":{"noLabel":"false","required":"true"},"type":"RECORD_ID","var":"レコード番号"},"5520287":{"id":"5520287","label":"更新者","properties":{"noLabel":"false","required":"true"},"type":"MODIFIER","var":"更新者"},"5520288":{"id":"5520288","label":"作成者","properties":{"noLabel":"false","required":"true"},"type":"CREATOR","var":"作成者"},"5520289":{"id":"5520289","label":"更新日時","properties":{"noLabel":"false","required":"true"},"type":"MODIFIED_AT","var":"更新日時"},"5520290":{"id":"5520290","label":"作成日時","properties":{"noLabel":"false","required":"true"},"type":"CREATED_AT","var":"作成日時"},"5520291":{"id":"5520291","label":"ステータス","properties":{"noLabel":"false","required":"false"},"type":"STATUS","var":"ステータス"},"5520292":{"id":"5520292","label":"作業者","properties":{"noLabel":"false","required":"false"},"type":"STATUS_ASSIGNEE","var":"作業者"},"5520293":{"id":"5520293","label":"カテゴリー","properties":{"noLabel":"false","required":"false"},"type":"CATEGORY","var":"カテゴリー"},"5520297":{"id":"5520297","label":"店長","properties":{"defaultEntities":[],"defaultSelect":[],"entities":[],"noLabel":"false","required":"false","select":[]},"type":"USER_SELECT","var":"店長"},"5520300":{"id":"5520300","label":"コールセンター","properties":{"defaultEntities":[],"defaultSelect":[],"entities":[],"noLabel":"false","required":"false","select":[]},"type":"USER_SELECT","var":"コールセンター"},"5520301":{"id":"5520301","label":"コールセンター上長","properties":{"defaultEntities":[],"defaultSelect":[],"entities":[],"noLabel":"false","required":"false","select":[]},"type":"USER_SELECT","var":"コールセンター上長"},"5520302":{"id":"5520302","label":"AM","properties":{"defaultEntities":[],"defaultSelect":[],"entities":[],"noLabel":"false","required":"false","select":[]},"type":"USER_SELECT","var":"AM"},"5520303":{"id":"5520303","label":"部長","properties":{"defaultEntities":[],"defaultSelect":[],"entities":[],"noLabel":"false","required":"false","select":[]},"type":"USER_SELECT","var":"部長"},"5520304":{"id":"5520304","label":"本部長","properties":{"defaultEntities":[],"defaultSelect":[],"entities":[],"noLabel":"false","required":"false","select":[]},"type":"USER_SELECT","var":"本部長"},"5520305":{"id":"5520305","label":"メールPDF","properties":{"noLabel":"false","required":"false","thumbnailSize":"150"},"type":"FILE","var":"メールPDF"},"5520306":{"id":"5520306","label":"アンケート報告書","properties":{"noLabel":"false","required":"false","thumbnailSize":"150"},"type":"FILE","var":"アンケート報告書原子"},"5520404":{"id":"5520404","label":"管理者","properties":{"defaultEntities":[],"defaultSelect":[],"entities":[],"noLabel":"false","required":"false","select":[]},"type":"USER_SELECT","var":"管理者"},"5520439":{"id":"5520439","label":"プロセス管理の状況","properties":{"defaultValue":"5520423","noLabel":"false","options":[{"id":"5520423","label":"【メール確認】コールセンタ","valid":true},{"id":"5520424","label":"【メール確認】コールセンタ上長","valid":true},{"id":"5520425","label":"【メール確認】店長","valid":true},{"id":"5520426","label":"【メール確認】上長","valid":true},{"id":"5520427","label":"【メール送信前確認】コールセンタ","valid":true},{"id":"5520428","label":"【メール送信前確認】コールセンタ上長","valid":true},{"id":"5520429","label":"完了","valid":true},{"id":"5520431","label":"【メール返信】コールセンタ","valid":true},{"id":"5520432","label":"【メール返信】コールセンタ上長","valid":true},{"id":"5520433","label":"【メール返信】店長","valid":true},{"id":"5520434","label":"【メール返信】上長","valid":true},{"id":"5520436","label":"【メール返信前確認】コールセンタ","valid":true},{"id":"5520435","label":"【メール返信前確認】コールセンタ上長","valid":true}],"required":"false"},"type":"SINGLE_SELECT","var":"プロセス管理の状況"},"5520440":{"id":"5520440","label":"店番","properties":{"defaultValue":"","expression":"","hideExpression":"false","max":null,"min":null,"noLabel":"false","required":"false","unique":"false"},"type":"SINGLE_LINE_TEXT","var":"店番"},"5520441":{"id":"5520441","label":"該当店名","properties":{"defaultValue":"","expression":"","hideExpression":"false","max":null,"min":null,"noLabel":"false","required":"true","unique":"false"},"type":"SINGLE_LINE_TEXT","var":"該当店名"},"5520451":{"id":"5520451","label":"店名","properties":{"defaultValue":"","expression":"","hideExpression":"false","max":null,"min":null,"noLabel":"false","required":"false","unique":"false"},"type":"SINGLE_LINE_TEXT","var":"店名"},"5520452":{"id":"5520452","label":"お客様情報","properties":{"noLabel":"false","open":"true","required":"false"},"type":"GROUP","var":"お客様情報"},"5520454":{"id":"5520454","label":"日付","properties":{"defaultExpression":"NOW","defaultValue":null,"noLabel":"false","required":"false","unique":"false"},"type":"DATE","var":"日付_0"},"5520459":{"id":"5520459","label":"ラジオボタン","properties":{"defaultValue":"5520457","noLabel":"false","options":[{"id":"5520457","label":"新規","valid":true},{"id":"5520458","label":"継続","valid":true}],"required":"true"},"type":"SINGLE_CHECK","var":"ラジオボタン"},"5520505":{"id":"5520505","label":"店舗情報詳細(コールセンター対応)","properties":{"noLabel":"false","open":"false","required":"false"},"type":"GROUP","var":"店舗情報詳細"},"5520506":{"id":"5520506","label":"本部","properties":{"defaultValue":"","expression":"","hideExpression":"false","max":null,"min":null,"noLabel":"false","required":"false","unique":"false"},"type":"SINGLE_LINE_TEXT","var":"本部"},"5520507":{"id":"5520507","label":"部","properties":{"defaultValue":"","expression":"","hideExpression":"false","max":null,"min":null,"noLabel":"false","required":"false","unique":"false"},"type":"SINGLE_LINE_TEXT","var":"部"},"5520508":{"id":"5520508","label":"エリア","properties":{"defaultValue":"","expression":"","hideExpression":"false","max":null,"min":null,"noLabel":"false","required":"false","unique":"false"},"type":"SINGLE_LINE_TEXT","var":"エリア"},"5520509":{"id":"5520509","label":"区分","properties":{"defaultValue":null,"noLabel":"false","options":[{"id":"5520503","label":"直営","valid":true},{"id":"5520504","label":"fc","valid":true},{"id":"5520510","label":"DFC-a","valid":true},{"id":"5520511","label":"DFC-b","valid":true},{"id":"5520512","label":"DFC-c","valid":true}],"required":"false"},"type":"SINGLE_SELECT","var":"区分"},"5520523":{"id":"5520523","label":"店舗名","properties":{"defaultEntities":[],"defaultSelect":[],"entities":[],"noLabel":"false","required":"false","select":[]},"type":"USER_SELECT","var":"店舗名"},"5520524":{"id":"5520524","label":"グループ選択","properties":{"defaultEntities":[],"defaultSelect":[],"entities":[],"noLabel":"false","required":"false","select":[]},"type":"GROUP_SELECT","var":"グループ選択"},"5520525":{"id":"5520525","label":"FCオーナー","properties":{"defaultEntities":[],"defaultSelect":[],"entities":[],"noLabel":"false","required":"false","select":[]},"type":"USER_SELECT","var":"FCオーナー"},"5520528":{"id":"5520528","label":"受付日時","properties":{"defaultExpression":"NOW","defaultValue":null,"noLabel":"false","required":"false","unique":"false"},"type":"DATETIME","var":"受付日時"},"5520531":{"id":"5520531","label":"ご来店日時","properties":{"defaultExpression":"NOW","defaultValue":null,"noLabel":"false","required":"false","unique":"false"},"type":"DATETIME","var":"ご来店日時"},"5520532":{"id":"5520532","label":"ご来店人数","properties":{"defaultValue":null,"digit":"false","displayScale":null,"max":null,"min":null,"noLabel":"false","required":"false","roundingMode":null,"scale":null,"unique":"false","unit":"人","unitPosition":"AFTER"},"type":"DECIMAL","var":"ご来店人数"},"5520558":{"id":"5520558","label":"受付者","properties":{"defaultValue":"5520548","noLabel":"false","options":[{"id":"5520546","label":"人事部","valid":true},{"id":"5520547","label":"業務管理部","valid":true},{"id":"5520548","label":"コールセンター","valid":true},{"id":"5520554","label":"経営企画部","valid":true},{"id":"5520553","label":"人材開発部","valid":true},{"id":"5520552","label":"広報CSR","valid":true},{"id":"5520551","label":"商品部","valid":true},{"id":"5520550","label":"店舗開発部","valid":true},{"id":"5520557","label":"DFC企画部","valid":true},{"id":"5520556","label":"ワタミ(株)","valid":true},{"id":"5520555","label":"総務部","valid":true},{"id":"5520549","label":"監査部","valid":true},{"id":"5520625","label":"----","valid":true},{"id":"5520570","label":"---","valid":false}],"required":"false"},"type":"SINGLE_SELECT","var":"受付者"},"5520568":{"id":"5520568","label":"ご意見分類","properties":{"defaultValue":null,"noLabel":"false","options":[{"id":"5520562","label":"従業員対応","valid":true},{"id":"5520563","label":"商品クレーム","valid":true},{"id":"5520577","label":"商品遅延","valid":true},{"id":"5520576","label":"食中毒疑い","valid":true},{"id":"5520575","label":"会計ミス","valid":true},{"id":"5520574","label":"オーダーミス","valid":true},{"id":"5520573","label":"お通しクレーム","valid":true},{"id":"5520572","label":"衣類汚損","valid":true},{"id":"5520571","label":"クレンリネス","valid":true},{"id":"5520578","label":"予約の不手際","valid":true},{"id":"5520582","label":"問い合わせ","valid":true},{"id":"5520581","label":"会計についての問い合わせ","valid":true},{"id":"5520580","label":"タクショクについての問い合わせ","valid":true},{"id":"5520579","label":"クーポンについての問い合わせ","valid":true},{"id":"5520583","label":"近隣クレーム","valid":true},{"id":"5520584","label":"お褒めのお電話","valid":true}],"required":"false"},"type":"SINGLE_SELECT","var":"ご意見分類"},"5520569":{"id":"5520569","label":"ご意見分類(選択肢にない場合)","properties":{"defaultValue":"","expression":"","hideExpression":"false","max":null,"min":null,"noLabel":"false","required":"false","unique":"false"},"type":"SINGLE_LINE_TEXT","var":"ご意見分類_選択肢にない場合_"},"5520597":{"id":"5520597","label":"ご利用のお席","properties":{"defaultValue":null,"noLabel":"false","options":[{"id":"5520586","label":"カウンター","valid":true},{"id":"5520588","label":"テーブル","valid":true},{"id":"5520589","label":"座敷","valid":true},{"id":"5520590","label":"掘りごたつ","valid":true}],"required":"false"},"type":"SINGLE_SELECT","var":"ご利用のお席"},"5520598":{"id":"5520598","label":"お客様ご要望","properties":{"defaultValue":null,"noLabel":"false","options":[{"id":"5520591","label":"改善してほしい","valid":true},{"id":"5520592","label":"調べてほしい","valid":true},{"id":"5520593","label":"返金してほしい","valid":true},{"id":"5520594","label":"伝えてほしい","valid":true},{"id":"5520595","label":"弁償してほしい","valid":true},{"id":"5520596","label":"連絡がほしい","valid":true}],"required":"false"},"type":"SINGLE_SELECT","var":"お客様ご要望"},"5520599":{"id":"5520599","label":"営業部連絡先","properties":{"defaultValue":"","expression":"","hideExpression":"false","max":null,"min":null,"noLabel":"false","required":"false","unique":"false"},"type":"SINGLE_LINE_TEXT","var":"営業部連絡先"},"5520600":{"id":"5520600","label":"お名前","properties":{"defaultValue":"","expression":"","hideExpression":"false","max":null,"min":null,"noLabel":"false","required":"false","unique":"false"},"type":"SINGLE_LINE_TEXT","var":"お名前"},"5520608":{"id":"5520608","label":"性別","properties":{"defaultValue":null,"noLabel":"false","options":[{"id":"5520604","label":"男性","valid":true},{"id":"5520605","label":"女性","valid":true}],"required":"false"},"type":"SINGLE_SELECT","var":"性別"},"5520609":{"id":"5520609","label":"性別","properties":{"defaultValue":null,"noLabel":"false","options":[{"id":"5520606","label":"男性","valid":true},{"id":"5520607","label":"女性","valid":true}],"required":"false"},"type":"SINGLE_SELECT","var":"性別_1"},"5520610":{"id":"5520610","label":"年齢","properties":{"defaultValue":null,"digit":"false","displayScale":null,"max":null,"min":null,"noLabel":"false","required":"false","roundingMode":null,"scale":null,"unique":"false","unit":"歳くらいの方","unitPosition":"AFTER"},"type":"DECIMAL","var":"年齢"},"5520611":{"id":"5520611","label":"ご連絡先","properties":{"defaultValue":"","expression":"","hideExpression":"false","max":null,"min":null,"noLabel":"false","required":"false","unique":"false"},"type":"SINGLE_LINE_TEXT","var":"ご連絡先"},"5520617":{"id":"5520617","label":"連絡の要・不要","properties":{"defaultValue":"5520614","noLabel":"false","options":[{"id":"5520612","label":"要","valid":true},{"id":"5520613","label":"不要","valid":true},{"id":"5520614","label":"----","valid":true}],"required":"true"},"type":"SINGLE_CHECK","var":"連絡の要・不要"},"5520618":{"id":"5520618","label":"ご連絡希望日時","properties":{"defaultExpression":null,"defaultValue":null,"noLabel":"false","required":"false","unique":"false"},"type":"DATETIME","var":"ご連絡希望日時"},"5520619":{"id":"5520619","label":"ご意見詳細","properties":{"defaultValue":"","noLabel":"false","required":"false"},"type":"MULTIPLE_LINE_TEXT","var":"ご意見詳細"},"5520623":{"id":"5520623","label":"顛末","properties":{"defaultValue":"","noLabel":"true","required":"false"},"type":"MULTIPLE_LINE_TEXT","var":"顛末"}},"id":"1","label":"__ROOT__","properties":null,"var":"__ROOT__"}},"settingsNotesForm":{"content":null,"willBeInherited":null},"status":{"actions":[{"app":null,"assignees":[],"filter":"5520346","from":"5520341","fromLabel":null,"id":"5520350","label":"申請","record":null,"revision":null,"to":"5520342","toApprovalType":null,"toLabel":null},{"app":null,"assignees":[],"filter":"5520347","from":"5520342","fromLabel":null,"id":"5520351","label":"承認","record":null,"revision":null,"to":"5520343","toApprovalType":null,"toLabel":null},{"app":null,"assignees":[],"filter":"5520347","from":"5520342","fromLabel":null,"id":"5520352","label":"差戻し","record":null,"revision":null,"to":"5520341","toApprovalType":null,"toLabel":null},{"app":null,"assignees":[],"filter":"5520348","from":"5520343","fromLabel":null,"id":"5520353","label":"申請","record":null,"revision":null,"to":"5520344","toApprovalType":null,"toLabel":null},{"app":null,"assignees":[],"filter":"5520348","from":"5520343","fromLabel":null,"id":"5520354","label":"差戻し","record":null,"revision":null,"to":"5520342","toApprovalType":null,"toLabel":null},{"app":null,"assignees":[],"filter":"5520349","from":"5520344","fromLabel":null,"id":"5520355","label":"承認","record":null,"revision":null,"to":"5520345","toApprovalType":null,"toLabel":null},{"app":null,"assignees":[],"filter":"5520349","from":"5520344","fromLabel":null,"id":"5520356","label":"差戻し","record":null,"revision":null,"to":"5520343","toApprovalType":null,"toLabel":null},{"app":null,"assignees":[],"filter":"5520415","from":"5520345","fromLabel":null,"id":"5520417","label":"申請","record":null,"revision":null,"to":"5520413","toApprovalType":null,"toLabel":null},{"app":null,"assignees":[],"filter":"5520415","from":"5520345","fromLabel":null,"id":"5520418","label":"差戻し","record":null,"revision":null,"to":"5520344","toApprovalType":null,"toLabel":null},{"app":null,"assignees":[],"filter":"5520416","from":"5520413","fromLabel":null,"id":"5520419","label":"承認","record":null,"revision":null,"to":"5520341","toApprovalType":null,"toLabel":null},{"app":null,"assignees":[],"filter":"5520416","from":"5520413","fromLabel":null,"id":"5520420","label":"差戻し","record":null,"revision":null,"to":"5520345","toApprovalType":null,"toLabel":null}],"filters":[{"condition":"","id":"5520346","state":"5520341"},{"condition":"","id":"5520347","state":"5520342"},{"condition":"","id":"5520348","state":"5520343"},{"condition":"","id":"5520349","state":"5520344"},{"condition":"","id":"5520415","state":"5520345"},{"condition":"","id":"5520416","state":"5520413"}],"initialStateId":"5520341","states":[{"approvalType":"ONE","assignees":[{"entityId":"5520288","entityName":"作成者","entityType":"FIELD_ENTITY","includeSubs":"false"}],"id":"5520341","initial":true,"label":"未処理","valid":true},{"approvalType":"ONE","assignees":[{"entityId":"5520301","entityName":"コールセンター上長","entityType":"FIELD_ENTITY","includeSubs":"false"}],"id":"5520342","initial":false,"label":"【申請中】コールセンター","valid":true},{"approvalType":"ONE","assignees":[{"entityId":"5520297","entityName":"店長","entityType":"FIELD_ENTITY","includeSubs":"false"},{"entityId":"5520302","entityName":"AM","entityType":"FIELD_ENTITY","includeSubs":"false"},{"entityId":"5520404","entityName":"管理者","entityType":"FIELD_ENTITY","includeSubs":"false"}],"id":"5520343","initial":false,"label":"【確認済み】コールセンター上長","valid":true},{"approvalType":"ONE","assignees":[{"entityId":"5520303","entityName":"部長","entityType":"FIELD_ENTITY","includeSubs":"false"},{"entityId":"5520304","entityName":"本部長","entityType":"FIELD_ENTITY","includeSubs":"false"},{"entityId":"5520404","entityName":"管理者","entityType":"FIELD_ENTITY","includeSubs":"false"}],"id":"5520344","initial":false,"label":"【申請中】店長","valid":true},{"approvalType":"ONE","assignees":[{"entityId":"5520300","entityName":"コールセンター","entityType":"FIELD_ENTITY","includeSubs":"false"}],"id":"5520345","initial":false,"label":"【確認済み】上長確認","valid":true},{"approvalType":"ONE","assignees":[{"entityId":"5520301","entityName":"コールセンター上長","entityType":"FIELD_ENTITY","includeSubs":"false"}],"id":"5520413","initial":false,"label":"【メール送信前確認】コールセンター","valid":true},{"approvalType":"ONE","assignees":[],"id":"5520414","initial":false,"label":"【メール送信前確認】コールセンター上長","valid":true}],"useStatus":"true"},"uuid":"aac3b17f-0dff-4c9e-8e23-2dddd5ae6b20","views":[{"advancedMode":"false","builtinType":null,"device":null,"fields":[{"row":[{"columnWidth":null,"id":"5520286"},{"columnWidth":null,"id":"5520287"},{"columnWidth":null,"id":"5520288"},{"columnWidth":null,"id":"5520289"},{"columnWidth":null,"id":"5520290"},{"columnWidth":null,"id":"5520291"},{"columnWidth":null,"id":"5520292"},{"columnWidth":null,"id":"5520297"},{"columnWidth":null,"id":"5520300"},{"columnWidth":null,"id":"5520301"},{"columnWidth":null,"id":"5520302"},{"columnWidth":null,"id":"5520303"},{"columnWidth":null,"id":"5520304"},{"columnWidth":null,"id":"5520305"},{"columnWidth":null,"id":"5520306"},{"columnWidth":null,"id":"5520384"},{"columnWidth":null,"id":"5520404"},{"columnWidth":null,"id":"5520439"},{"columnWidth":null,"id":"5520440"},{"columnWidth":null,"id":"5520441"},{"columnWidth":null,"id":"5520451"},{"columnWidth":null,"id":"5520454"},{"columnWidth":null,"id":"5520459"},{"columnWidth":null,"id":"5520506"},{"columnWidth":null,"id":"5520507"},{"columnWidth":null,"id":"5520508"},{"columnWidth":null,"id":"5520509"},{"columnWidth":null,"id":"5520523"},{"columnWidth":null,"id":"5520524"},{"columnWidth":null,"id":"5520525"},{"columnWidth":null,"id":"5520528"},{"columnWidth":null,"id":"5520531"},{"columnWidth":null,"id":"5520532"},{"columnWidth":null,"id":"5520558"},{"columnWidth":null,"id":"5520568"},{"columnWidth":null,"id":"5520569"},{"columnWidth":null,"id":"5520597"},{"columnWidth":null,"id":"5520598"},{"columnWidth":null,"id":"5520599"},{"columnWidth":null,"id":"5520600"},{"columnWidth":null,"id":"5520608"},{"columnWidth":null,"id":"5520609"},{"columnWidth":null,"id":"5520610"},{"columnWidth":null,"id":"5520611"},{"columnWidth":null,"id":"5520617"},{"columnWidth":null,"id":"5520618"},{"columnWidth":null,"id":"5520619"},{"columnWidth":null,"id":"5520623"}]}],"filter":{"category":null,"offset":null,"order":["DESC"],"q":null,"size":null,"sort":["f5520286"]},"html":null,"keyFieldId":null,"name":"一覧1","pager":null,"revision":null,"titleFieldId":null,"view":"5520823","viewType":"LIST"},{"advancedMode":"false","builtinType":"ASSIGN","device":null,"fields":[{"row":[{"columnWidth":null,"id":"5520286"},{"columnWidth":null,"id":"5520297"},{"columnWidth":null,"id":"5520300"},{"columnWidth":null,"id":"5520301"},{"columnWidth":null,"id":"5520302"},{"columnWidth":null,"id":"5520303"},{"columnWidth":null,"id":"5520304"},{"columnWidth":null,"id":"5520305"},{"columnWidth":null,"id":"5520306"},{"columnWidth":null,"id":"5520404"},{"columnWidth":null,"id":"5520439"},{"columnWidth":null,"id":"5520440"},{"columnWidth":null,"id":"5520441"},{"columnWidth":null,"id":"5520291"},{"columnWidth":null,"id":"5520292"}]}],"filter":{"category":null,"offset":null,"order":[],"q":"f5520292 in (LOGINUSER())","size":null,"sort":[]},"html":null,"keyFieldId":null,"name":"（作業者が自分）","pager":null,"revision":null,"titleFieldId":null,"view":"5520447","viewType":"LIST"},{"advancedMode":null,"builtinType":"ALL","device":null,"fields":[{"row":[{"columnWidth":null,"id":"5520286"},{"columnWidth":null,"id":"5520297"},{"columnWidth":null,"id":"5520300"},{"columnWidth":null,"id":"5520301"},{"columnWidth":null,"id":"5520302"},{"columnWidth":null,"id":"5520303"},{"columnWidth":null,"id":"5520304"},{"columnWidth":null,"id":"5520305"},{"columnWidth":null,"id":"5520306"},{"columnWidth":null,"id":"5520404"},{"columnWidth":null,"id":"5520439"},{"columnWidth":null,"id":"5520440"},{"columnWidth":null,"id":"5520441"},{"columnWidth":null,"id":"5520291"},{"columnWidth":null,"id":"5520292"},{"columnWidth":null,"id":"5520451"},{"columnWidth":null,"id":"5520454"},{"columnWidth":null,"id":"5520459"},{"columnWidth":null,"id":"5520506"},{"columnWidth":null,"id":"5520507"},{"columnWidth":null,"id":"5520508"},{"columnWidth":null,"id":"5520509"},{"columnWidth":null,"id":"5520523"},{"columnWidth":null,"id":"5520524"},{"columnWidth":null,"id":"5520525"},{"columnWidth":null,"id":"5520528"},{"columnWidth":null,"id":"5520531"},{"columnWidth":null,"id":"5520532"},{"columnWidth":null,"id":"5520558"},{"columnWidth":null,"id":"5520568"},{"columnWidth":null,"id":"5520569"},{"columnWidth":null,"id":"5520597"},{"columnWidth":null,"id":"5520598"},{"columnWidth":null,"id":"5520599"},{"columnWidth":null,"id":"5520600"},{"columnWidth":null,"id":"5520608"},{"columnWidth":null,"id":"5520609"},{"columnWidth":null,"id":"5520610"},{"columnWidth":null,"id":"5520611"},{"columnWidth":null,"id":"5520617"},{"columnWidth":null,"id":"5520618"},{"columnWidth":null,"id":"5520619"},{"columnWidth":null,"id":"5520623"}]}],"filter":{"category":null,"offset":null,"order":[],"q":null,"size":null,"sort":[]},"html":null,"keyFieldId":null,"name":"（すべて）","pager":null,"revision":null,"titleFieldId":null,"view":"20","viewType":"LIST"}]},{"acl":{"app":[],"field":[],"record":[]},"app":null,"category":{"categories":[],"useCategory":"false"},"form":{"layout":"[{\"id\":null,\"type\":\"ROW\",\"isSubTable\":false,\"var\":null,\"label\":null,\"controlList\":[{\"isVirtical\":true,\"styleMap\":{\"width\":193},\"type\":\"SINGLE_LINE_TEXT\",\"var\":\"店番\",\"label\":\"店番\"}]},{\"id\":null,\"type\":\"ROW\",\"isSubTable\":false,\"var\":null,\"label\":null,\"controlList\":[{\"isVirtical\":true,\"styleMap\":{\"width\":193},\"type\":\"SINGLE_LINE_TEXT\",\"var\":\"店舗名\",\"label\":\"店舗名\"}]},{\"id\":null,\"type\":\"ROW\",\"isSubTable\":false,\"var\":null,\"label\":null,\"controlList\":[{\"isVirtical\":true,\"styleMap\":{\"width\":344},\"type\":\"USER_SELECT\",\"var\":\"コールセンター\",\"label\":\"コールセンター\"}]},{\"id\":null,\"type\":\"ROW\",\"isSubTable\":false,\"var\":null,\"label\":null,\"controlList\":[{\"isVirtical\":true,\"styleMap\":{\"width\":344},\"type\":\"USER_SELECT\",\"var\":\"コールセンター上長\",\"label\":\"コールセンター上長\"}]},{\"id\":null,\"type\":\"ROW\",\"isSubTable\":false,\"var\":null,\"label\":null,\"controlList\":[{\"isVirtical\":true,\"styleMap\":{\"width\":344},\"type\":\"USER_SELECT\",\"var\":\"店長\",\"label\":\"店長\"}]},{\"id\":null,\"type\":\"ROW\",\"isSubTable\":false,\"var\":null,\"label\":null,\"controlList\":[{\"isVirtical\":true,\"styleMap\":{\"width\":344},\"type\":\"USER_SELECT\",\"var\":\"AM\",\"label\":\"AM\"}]},{\"id\":null,\"type\":\"ROW\",\"isSubTable\":false,\"var\":null,\"label\":null,\"controlList\":[{\"isVirtical\":true,\"styleMap\":{\"width\":344},\"type\":\"USER_SELECT\",\"var\":\"部長\",\"label\":\"部長\"}]},{\"id\":null,\"type\":\"ROW\",\"isSubTable\":false,\"var\":null,\"label\":null,\"controlList\":[{\"isVirtical\":true,\"styleMap\":{\"width\":344},\"type\":\"USER_SELECT\",\"var\":\"本部長\",\"label\":\"本部長\"}]},{\"id\":null,\"type\":\"ROW\",\"isSubTable\":false,\"var\":null,\"label\":null,\"controlList\":[{\"isVirtical\":true,\"styleMap\":{\"width\":344},\"type\":\"USER_SELECT\",\"var\":\"その他A\",\"label\":\"その他A\"}]},{\"id\":null,\"type\":\"ROW\",\"isSubTable\":false,\"var\":null,\"label\":null,\"controlList\":[{\"isVirtical\":true,\"styleMap\":{\"width\":344},\"type\":\"USER_SELECT\",\"var\":\"その他B\",\"label\":\"その他B\"}]}]","revision":null},"iconMeta":null,"info":{"automaticallyChooseTitleComponent":"true","code":null,"decimalPrecision":"16","decimalScale":"4","description":"","enableBulkDeletion":"false","enableRecordReuse":"true","fiscalYearStartMonth":"4","iconKey":"APP89","iconType":"PRESET","jsFiles":null,"jsScope":"ALL","name":"アンケートアプリ(組織アプリ)","roundingMode":"HALF_EVEN","theme":"PLAIN","titleComponentLocalId":null,"useComment":"true","useHistory":"true","useThumbnail":"true"},"jsFiles":[],"notification":{"appNotifications":[{"events":["RECORD_COMMENT_ADDED"],"target":{"entityId":"5520359","entityType":"FIELD_ENTITY","includeSubs":"false"}},{"events":["RECORD_COMMENT_ADDED"],"target":{"entityId":"5520360","entityType":"FIELD_ENTITY","includeSubs":"false"}}],"recordNotifications":[],"reminderTimezone":null,"reminders":[],"useComment":"true","useReminder":"false"},"plugins":[],"reports":[],"resource":{"tables":[{"rows":[{"fields":[],"objectId":"0","subObjectId":"-1"}],"type":"AppName"},{"rows":[{"fields":[],"objectId":"0","subObjectId":"-1"}],"type":"AppDescription"},{"rows":[{"fields":[],"objectId":"5520358","subObjectId":"-1"},{"fields":[],"objectId":"5520359","subObjectId":"-1"},{"fields":[],"objectId":"5520360","subObjectId":"-1"},{"fields":[],"objectId":"5520361","subObjectId":"-1"},{"fields":[],"objectId":"5520362","subObjectId":"-1"},{"fields":[],"objectId":"5520363","subObjectId":"-1"},{"fields":[],"objectId":"5520364","subObjectId":"-1"},{"fields":[],"objectId":"5520365","subObjectId":"-1"},{"fields":[],"objectId":"5520366","subObjectId":"-1"},{"fields":[],"objectId":"5520374","subObjectId":"-1"},{"fields":[],"objectId":"5520375","subObjectId":"-1"},{"fields":[],"objectId":"5520377","subObjectId":"-1"},{"fields":[],"objectId":"5520378","subObjectId":"-1"},{"fields":[],"objectId":"5520379","subObjectId":"-1"},{"fields":[],"objectId":"5520380","subObjectId":"-1"},{"fields":[],"objectId":"5520443","subObjectId":"-1"},{"fields":[],"objectId":"5520444","subObjectId":"-1"},{"fields":[],"objectId":"5520445","subObjectId":"-1"}],"type":"FieldLabel"},{"rows":[{"fields":[],"objectId":"20","subObjectId":"-1"}],"type":"ViewName"},{"rows":[],"type":"CategoryName"}]},"schema":{"groups":[],"revision":null,"subTable":{},"table":{"fieldList":{"5520358":{"id":"5520358","label":"レコード番号","properties":{"noLabel":"false","required":"true"},"type":"RECORD_ID","var":"レコード番号"},"5520359":{"id":"5520359","label":"更新者","properties":{"noLabel":"false","required":"true"},"type":"MODIFIER","var":"更新者"},"5520360":{"id":"5520360","label":"作成者","properties":{"noLabel":"false","required":"true"},"type":"CREATOR","var":"作成者"},"5520361":{"id":"5520361","label":"更新日時","properties":{"noLabel":"false","required":"true"},"type":"MODIFIED_AT","var":"更新日時"},"5520362":{"id":"5520362","label":"作成日時","properties":{"noLabel":"false","required":"true"},"type":"CREATED_AT","var":"作成日時"},"5520363":{"id":"5520363","label":"ステータス","properties":{"noLabel":"false","required":"false"},"type":"STATUS","var":"ステータス"},"5520364":{"id":"5520364","label":"作業者","properties":{"noLabel":"false","required":"false"},"type":"STATUS_ASSIGNEE","var":"作業者"},"5520365":{"id":"5520365","label":"カテゴリー","properties":{"noLabel":"false","required":"false"},"type":"CATEGORY","var":"カテゴリー"},"5520366":{"id":"5520366","label":"店舗名","properties":{"defaultValue":"","expression":"","hideExpression":"false","max":null,"min":null,"noLabel":"false","required":"true","unique":"false"},"type":"SINGLE_LINE_TEXT","var":"店舗名"},"5520374":{"id":"5520374","label":"店長","properties":{"defaultEntities":[],"defaultSelect":[],"entities":[],"noLabel":"false","required":"false","select":[]},"type":"USER_SELECT","var":"店長"},"5520375":{"id":"5520375","label":"部長","properties":{"defaultEntities":[],"defaultSelect":[],"entities":[],"noLabel":"false","required":"false","select":[]},"type":"USER_SELECT","var":"部長"},"5520377":{"id":"5520377","label":"その他A","properties":{"defaultEntities":[],"defaultSelect":[],"entities":[],"noLabel":"false","required":"false","select":[]},"type":"USER_SELECT","var":"その他A"},"5520378":{"id":"5520378","label":"その他B","properties":{"defaultEntities":[],"defaultSelect":[],"entities":[],"noLabel":"false","required":"false","select":[]},"type":"USER_SELECT","var":"その他B"},"5520379":{"id":"5520379","label":"コールセンター","properties":{"defaultEntities":[],"defaultSelect":[],"entities":[],"noLabel":"false","required":"false","select":[]},"type":"USER_SELECT","var":"コールセンター"},"5520380":{"id":"5520380","label":"コールセンター上長","properties":{"defaultEntities":[],"defaultSelect":[],"entities":[],"noLabel":"false","required":"false","select":[]},"type":"USER_SELECT","var":"コールセンター上長"},"5520443":{"id":"5520443","label":"AM","properties":{"defaultEntities":[],"defaultSelect":[],"entities":[],"noLabel":"false","required":"false","select":[]},"type":"USER_SELECT","var":"AM"},"5520444":{"id":"5520444","label":"本部長","properties":{"defaultEntities":[],"defaultSelect":[],"entities":[],"noLabel":"false","required":"false","select":[]},"type":"USER_SELECT","var":"本部長"},"5520445":{"id":"5520445","label":"店番","properties":{"defaultValue":"","expression":"","hideExpression":"false","max":null,"min":null,"noLabel":"false","required":"false","unique":"false"},"type":"SINGLE_LINE_TEXT","var":"店番"}},"id":"1","label":"__ROOT__","properties":null,"var":"__ROOT__"}},"settingsNotesForm":{"content":null,"willBeInherited":null},"status":{"actions":[],"filters":[],"initialStateId":null,"states":[],"useStatus":"false"},"uuid":"1d6e1488-f106-46f8-9322-e45a038c5241","views":[{"advancedMode":null,"builtinType":"ALL","device":null,"fields":[{"row":[{"columnWidth":null,"id":"5520358"},{"columnWidth":null,"id":"5520366"},{"columnWidth":null,"id":"5520374"},{"columnWidth":null,"id":"5520375"},{"columnWidth":null,"id":"5520377"},{"columnWidth":null,"id":"5520378"},{"columnWidth":null,"id":"5520379"},{"columnWidth":null,"id":"5520380"},{"columnWidth":null,"id":"5520443"},{"columnWidth":null,"id":"5520444"},{"columnWidth":null,"id":"5520445"}]}],"filter":{"category":null,"offset":null,"order":[],"q":null,"size":null,"sort":[]},"html":null,"keyFieldId":null,"name":"（すべて）","pager":null,"revision":null,"titleFieldId":null,"view":"20","viewType":"LIST"}]}],"description":"","iconKey":"APP62","iconMeta":null,"iconSrcAppId":"aac3b17f-0dff-4c9e-8e23-2dddd5ae6b20","iconType":"PRESET","imagesMeta":[],"lookups":[{"actingAppId":"aac3b17f-0dff-4c9e-8e23-2dddd5ae6b20","fieldMappings":[{"fieldId":"5520297","targetFieldId":"5520374"},{"fieldId":"5520302","targetFieldId":"5520443"},{"fieldId":"5520303","targetFieldId":"5520375"},{"fieldId":"5520304","targetFieldId":"5520444"},{"fieldId":"5520440","targetFieldId":"5520445"},{"fieldId":"5520451","targetFieldId":"5520366"}],"keyMapping":{"fieldId":"5520441","targetFieldId":"5520366"},"listFields":["5520445","5520366"],"query":{"category":null,"offset":null,"order":["asc"],"q":"order by f5520445 asc","size":null,"sort":["f5520445"]},"targetAppId":"1d6e1488-f106-46f8-9322-e45a038c5241"}],"name":"アンケートアプリ(本番)","references":[],"version":"40"}