{"actions":[],"apps":[{"acl":{"app":[],"field":[],"record":[]},"app":null,"category":{"categories":[],"useCategory":"false"},"form":{"layout":"[{\"id\":null,\"type\":\"ROW\",\"isSubTable\":false,\"var\":null,\"label\":null,\"controlList\":[{\"label\":\"\\u003Cdiv\\u003E\\u003Cfont size=\\\"4\\\" color=\\\"#ff9900\\\"\\u003E\\u003Cb\\u003E拠点情報\\u003C/b\\u003E\\u003C/font\\u003E\\u003C/div\\u003E\",\"styleMap\":{\"width\":104},\"formatted\":\"\\u003Cdiv\\u003E\\u003Cfont size=\\\"4\\\" color=\\\"#ff9900\\\"\\u003E\\u003Cb\\u003E拠点情報\\u003C/b\\u003E\\u003C/font\\u003E\\u003C/div\\u003E\",\"type\":\"LABEL\"}]},{\"id\":null,\"type\":\"ROW\",\"isSubTable\":false,\"var\":null,\"label\":null,\"controlList\":[{\"isVirtical\":true,\"styleMap\":{\"width\":104},\"type\":\"DECIMAL\",\"var\":\"店番\",\"label\":\"店番\"},{\"isVirtical\":true,\"styleMap\":{\"width\":196},\"type\":\"SINGLE_SELECT\",\"var\":\"業態\",\"label\":\"業態\"},{\"isVirtical\":true,\"styleMap\":{\"width\":111},\"type\":\"DECIMAL\",\"var\":\"業態番号\",\"label\":\"業態番号\"},{\"isVirtical\":true,\"styleMap\":{\"width\":196},\"type\":\"SINGLE_SELECT\",\"var\":\"区分\",\"label\":\"区分\"}]},{\"id\":null,\"type\":\"ROW\",\"isSubTable\":false,\"var\":null,\"label\":null,\"controlList\":[{\"isVirtical\":true,\"styleMap\":{\"width\":300},\"type\":\"SINGLE_LINE_TEXT\",\"var\":\"店名\",\"label\":\"店名\"},{\"isVirtical\":true,\"styleMap\":{\"width\":193},\"type\":\"SINGLE_LINE_TEXT\",\"var\":\"店長名\",\"label\":\"店長名\"}]},{\"id\":null,\"type\":\"ROW\",\"isSubTable\":false,\"var\":null,\"label\":null,\"controlList\":[{\"isVirtical\":true,\"styleMap\":{\"width\":193},\"type\":\"SINGLE_LINE_TEXT\",\"var\":\"本部\",\"label\":\"本部\"},{\"isVirtical\":true,\"styleMap\":{\"width\":163},\"type\":\"SINGLE_LINE_TEXT\",\"var\":\"部\",\"label\":\"部\"},{\"isVirtical\":true,\"styleMap\":{\"width\":193},\"type\":\"SINGLE_LINE_TEXT\",\"var\":\"エリア\",\"label\":\"エリア\"},{\"isVirtical\":true,\"styleMap\":{\"width\":193},\"type\":\"SINGLE_LINE_TEXT\",\"var\":\"略称\",\"label\":\"略称\"}]},{\"id\":null,\"type\":\"ROW\",\"isSubTable\":false,\"var\":null,\"label\":null,\"controlList\":[{\"isVirtical\":true,\"styleMap\":{\"width\":193},\"type\":\"SINGLE_LINE_TEXT\",\"var\":\"都道府県\",\"label\":\"都道府県\"},{\"isVirtical\":true,\"styleMap\":{\"width\":499},\"type\":\"SINGLE_LINE_TEXT\",\"var\":\"住所\",\"label\":\"住所\"}]},{\"id\":null,\"type\":\"ROW\",\"isSubTable\":false,\"var\":null,\"label\":null,\"controlList\":[{\"styleMap\":{\"width\":48,\"height\":28},\"elementId\":\"\",\"type\":\"SPACER\"}]},{\"id\":null,\"type\":\"ROW\",\"isSubTable\":false,\"var\":null,\"label\":null,\"controlList\":[{\"isVirtical\":true,\"styleMap\":{\"width\":344},\"type\":\"USER_SELECT\",\"var\":\"店舗名\",\"label\":\"店舗名\"},{\"isVirtical\":true,\"styleMap\":{\"width\":344},\"type\":\"USER_SELECT\",\"var\":\"AM\",\"label\":\"AM\"}]},{\"id\":null,\"type\":\"ROW\",\"isSubTable\":false,\"var\":null,\"label\":null,\"controlList\":[{\"isVirtical\":true,\"styleMap\":{\"width\":344},\"type\":\"USER_SELECT\",\"var\":\"部長\",\"label\":\"部長\"},{\"isVirtical\":true,\"styleMap\":{\"width\":344},\"type\":\"USER_SELECT\",\"var\":\"本部長\",\"label\":\"本部長\"}]},{\"id\":null,\"type\":\"ROW\",\"isSubTable\":false,\"var\":null,\"label\":null,\"controlList\":[{\"isVirtical\":true,\"styleMap\":{\"width\":344},\"type\":\"USER_SELECT\",\"var\":\"FCオーナー\",\"label\":\"FCオーナー\"},{\"isVirtical\":true,\"styleMap\":{\"width\":344},\"type\":\"GROUP_SELECT\",\"var\":\"グループ選択\",\"label\":\"グループ選択\"}]},{\"id\":null,\"type\":\"ROW\",\"isSubTable\":false,\"var\":null,\"label\":null,\"controlList\":[{\"isVirtical\":true,\"styleMap\":{\"width\":344},\"type\":\"SINGLE_LINE_TEXT\",\"var\":\"オーナー名\",\"label\":\"オーナー名\"}]},{\"id\":null,\"type\":\"ROW\",\"isSubTable\":false,\"var\":null,\"label\":null,\"controlList\":[{\"isVirtical\":true,\"styleMap\":{\"width\":193},\"type\":\"LINK\",\"var\":\"電話番号\",\"label\":\"電話番号\"},{\"isVirtical\":true,\"styleMap\":{\"width\":193},\"type\":\"LINK\",\"var\":\"内線番号\",\"label\":\"内線番号\"},{\"isVirtical\":true,\"styleMap\":{\"width\":193},\"type\":\"LINK\",\"var\":\"FAX番号\",\"label\":\"FAX番号\"}]},{\"id\":null,\"type\":\"ROW\",\"isSubTable\":false,\"var\":null,\"label\":null,\"controlList\":[{\"styleMap\":{\"width\":814},\"type\":\"HR\"}]},{\"id\":null,\"type\":\"ROW\",\"isSubTable\":false,\"var\":null,\"label\":null,\"controlList\":[{\"label\":\"\\u003Cdiv\\u003E\\u003Cp style=\\\"margin-top:0pt;margin-bottom:0pt;margin-left:0in;direction:ltr;unicode-bidi:embed\\\"\\u003E\\u003Cspan style=\\\"color:rgb( 255 , 255 , 255 );background-color:rgb( 191 , 144 , 0 );font-size:12pt\\\"\\u003E【\\u003C/span\\u003E\\u003Cspan style=\\\"color:rgb( 255 , 255 , 255 );background-color:rgb( 191 , 144 , 0 );font-size:12pt\\\"\\u003Eフロン機器関連\\u003C/span\\u003E\\u003Cspan style=\\\"font-size:12pt\\\"\\u003E\\u003Cspan style=\\\"color:rgb( 255 , 255 , 255 );background-color:rgb( 191 , 144 , 0 )\\\"\\u003E】\\u003C/span\\u003E\\u003Cfont color=\\\"#000000\\\" style=\\\"background-color:rgb( 243 , 243 , 243 )\\\"\\u003E   ※本部流し込みを行う\\u003C/font\\u003E\\u003C/span\\u003E\\u003C/p\\u003E\\u003C/div\\u003E\",\"styleMap\":{\"width\":352},\"formatted\":\"\\u003Cdiv\\u003E\\u003Cp style=\\\"margin-top:0pt;margin-bottom:0pt;margin-left:0in;direction:ltr;unicode-bidi:embed\\\"\\u003E\\u003Cspan style=\\\"color:rgb( 255 , 255 , 255 );background-color:rgb( 191 , 144 , 0 );font-size:12pt\\\"\\u003E【\\u003C/span\\u003E\\u003Cspan style=\\\"color:rgb( 255 , 255 , 255 );background-color:rgb( 191 , 144 , 0 );font-size:12pt\\\"\\u003Eフロン機器関連\\u003C/span\\u003E\\u003Cspan style=\\\"font-size:12pt\\\"\\u003E\\u003Cspan style=\\\"color:rgb( 255 , 255 , 255 );background-color:rgb( 191 , 144 , 0 )\\\"\\u003E】\\u003C/span\\u003E\\u003Cfont color=\\\"#000000\\\" style=\\\"background-color:rgb( 243 , 243 , 243 )\\\"\\u003E&nbsp; &nbsp;※本部流し込みを行う\\u003C/font\\u003E\\u003C/span\\u003E\\u003C/p\\u003E\\u003C/div\\u003E\",\"type\":\"LABEL\"}]},{\"id\":null,\"type\":\"ROW\",\"isSubTable\":false,\"var\":null,\"label\":null,\"controlList\":[{\"isVirtical\":true,\"styleMap\":{\"width\":293},\"type\":\"DECIMAL\",\"var\":\"エアコン該当台数7_5以上\",\"label\":\"エアコン該当台数（7.5以上50kW未満）\"},{\"isVirtical\":true,\"styleMap\":{\"width\":248},\"type\":\"DECIMAL\",\"var\":\"エアコン該当台数7_5kW未満\",\"label\":\"エアコン該当台数（7.5kW未満）\"},{\"isVirtical\":true,\"styleMap\":{\"width\":193},\"type\":\"DECIMAL\",\"var\":\"冷蔵冷凍機器_該当台数\",\"label\":\"冷蔵冷凍機器 該当台数\"}]},{\"id\":null,\"type\":\"ROW\",\"isSubTable\":false,\"var\":null,\"label\":null,\"controlList\":[{\"isVirtical\":true,\"styleMap\":{\"width\":207},\"type\":\"FILE\",\"var\":\"フロン機器リスト添付\",\"label\":\"フロン機器リスト添付\"}]},{\"id\":null,\"type\":\"ROW\",\"isSubTable\":false,\"var\":null,\"label\":null,\"controlList\":[{\"label\":\"\\u003Cdiv\\u003E\\u003Cp style=\\\"margin-top:0pt;margin-bottom:0pt;margin-left:0in;direction:ltr;unicode-bidi:embed\\\"\\u003E\\u003Cfont color=\\\"#ffffff\\\"\\u003E\\u003Cspan style=\\\"background-color:rgb( 191 , 144 , 0 )\\\"\\u003E【通知すべき危険物と有害物&#xff08;SDS&#xff09;】\\u003C/span\\u003E\\u003Cspan style=\\\"background-color:rgb( 243 , 243 , 243 )\\\"\\u003E　\\u003C/span\\u003E\\u003C/font\\u003E\\u003Cspan style=\\\"color:rgb( 0 , 0 , 0 );font-size:16px\\\"\\u003E※本部流し込みを行う\\u003C/span\\u003E\\u003Cbr /\\u003E\\u003C/p\\u003E\\u003C/div\\u003E\\u003Cdiv\\u003E\\u003Cbr /\\u003E\\u003C/div\\u003E\",\"styleMap\":{\"width\":458},\"formatted\":\"\\u003Cdiv\\u003E\\u003Cp style=\\\"margin-top:0pt;margin-bottom:0pt;margin-left:0in;direction:ltr;unicode-bidi:embed\\\"\\u003E\\u003Cfont color=\\\"#ffffff\\\"\\u003E\\u003Cspan style=\\\"background-color:rgb( 191 , 144 , 0 )\\\"\\u003E【通知すべき危険物と有害物（SDS）】\\u003C/span\\u003E\\u003Cspan style=\\\"background-color:rgb( 243 , 243 , 243 )\\\"\\u003E　\\u003C/span\\u003E\\u003C/font\\u003E\\u003Cspan style=\\\"color:rgb( 0 , 0 , 0 );font-size:16px\\\"\\u003E※本部流し込みを行う\\u003C/span\\u003E\\u003Cbr\\u003E\\u003C/p\\u003E\\u003C/div\\u003E\\u003Cdiv\\u003E\\u003Cbr\\u003E\\u003C/div\\u003E\",\"type\":\"LABEL\"}]},{\"id\":null,\"type\":\"ROW\",\"isSubTable\":false,\"var\":null,\"label\":null,\"controlList\":[{\"isVirtical\":true,\"styleMap\":{\"width\":193},\"type\":\"SINGLE_LINE_TEXT\",\"var\":\"食洗機用洗剤\",\"label\":\"食洗機用洗剤\"},{\"isVirtical\":true,\"styleMap\":{\"width\":193},\"type\":\"SINGLE_LINE_TEXT\",\"var\":\"除菌洗浄剤1\",\"label\":\"除菌洗浄剤1\"},{\"isVirtical\":true,\"styleMap\":{\"width\":193},\"type\":\"SINGLE_LINE_TEXT\",\"var\":\"除菌用製剤2\",\"label\":\"除菌用製剤2\"},{\"isVirtical\":true,\"styleMap\":{\"width\":193},\"type\":\"SINGLE_LINE_TEXT\",\"var\":\"除菌用製剤3\",\"label\":\"除菌用製剤3\"},{\"isVirtical\":true,\"styleMap\":{\"width\":193},\"type\":\"SINGLE_LINE_TEXT\",\"var\":\"除菌用製剤4\",\"label\":\"除菌用製剤4\"},{\"isVirtical\":true,\"styleMap\":{\"width\":193},\"type\":\"SINGLE_LINE_TEXT\",\"var\":\"その他洗剤\",\"label\":\"その他洗剤\"}]},{\"id\":null,\"type\":\"ROW\",\"isSubTable\":false,\"var\":null,\"label\":null,\"controlList\":[{\"isVirtical\":true,\"styleMap\":{\"width\":193},\"type\":\"SINGLE_LINE_TEXT\",\"var\":\"文字列__1行_\",\"label\":\"水光熱（ガス支払先）\"},{\"isVirtical\":true,\"styleMap\":{\"width\":193},\"type\":\"SINGLE_LINE_TEXT\",\"var\":\"文字列__1行__0\",\"label\":\"水光熱（電気支払先）\"},{\"isVirtical\":true,\"styleMap\":{\"width\":193},\"type\":\"SINGLE_LINE_TEXT\",\"var\":\"文字列__1行__1\",\"label\":\"水光熱（水道支払先）\"}]},{\"id\":null,\"type\":\"ROW\",\"isSubTable\":false,\"var\":null,\"label\":null,\"controlList\":[{\"isVirtical\":true,\"styleMap\":{},\"canvasData\":[{\"id\":null,\"type\":\"ROW\",\"isSubTable\":false,\"var\":null,\"label\":null,\"controlList\":[{\"isVirtical\":true,\"styleMap\":{\"width\":300},\"type\":\"SINGLE_LINE_TEXT\",\"var\":\"店舗検索\",\"label\":\"店舗検索\"},{\"isVirtical\":true,\"styleMap\":{\"width\":193},\"type\":\"SINGLE_LINE_TEXT\",\"var\":\"店舗形態\",\"label\":\"店舗形態\"}]}],\"type\":\"GROUP\",\"var\":\"システム\",\"label\":\"システム\"}]},{\"id\":null,\"type\":\"ROW\",\"isSubTable\":false,\"var\":null,\"label\":null,\"controlList\":[{\"isVirtical\":true,\"styleMap\":{\"width\":253},\"type\":\"MULTIPLE_CHECK\",\"var\":\"先月営業フラグ\",\"label\":\"先月\",\"align\":\"horizontal\"},{\"isVirtical\":true,\"styleMap\":{\"width\":253},\"type\":\"MULTIPLE_CHECK\",\"var\":\"今月営業フラグ\",\"label\":\"今月\",\"align\":\"horizontal\"}]},{\"id\":null,\"type\":\"ROW\",\"isSubTable\":false,\"var\":null,\"label\":null,\"controlList\":[{\"isVirtical\":true,\"styleMap\":{\"width\":196},\"type\":\"CREATED_AT\",\"var\":\"作成日時\",\"label\":\"作成日時\"},{\"isVirtical\":true,\"styleMap\":{\"width\":136},\"type\":\"CREATOR\",\"var\":\"作成者\",\"label\":\"作成者\"},{\"isVirtical\":true,\"styleMap\":{\"width\":196},\"type\":\"MODIFIED_AT\",\"var\":\"更新日時\",\"label\":\"更新日時\"},{\"isVirtical\":true,\"styleMap\":{\"width\":136},\"type\":\"MODIFIER\",\"var\":\"更新者\",\"label\":\"更新者\"}]}]","revision":null},"iconMeta":null,"info":{"automaticallyChooseTitleComponent":"true","code":null,"decimalPrecision":"16","decimalScale":"4","description":"\u003Cdiv\u003E\u003Cbr /\u003E\u003C/div\u003E","enableBulkDeletion":"false","enableRecordReuse":"true","fiscalYearStartMonth":"4","iconKey":"APP46","iconType":"PRESET","jsFiles":null,"jsScope":"ALL","name":"店舗情報","roundingMode":"HALF_EVEN","theme":"PLAIN","titleComponentLocalId":null,"useComment":"true","useHistory":"true","useThumbnail":"true"},"jsFiles":[],"notification":{"appNotifications":[{"events":["RECORD_COMMENT_ADDED"],"target":{"entityId":"6044618","entityType":"FIELD_ENTITY","includeSubs":"false"}},{"events":["RECORD_COMMENT_ADDED"],"target":{"entityId":"6044619","entityType":"FIELD_ENTITY","includeSubs":"false"}}],"recordNotifications":[],"reminderTimezone":null,"reminders":[],"useComment":"true","useReminder":"false"},"plugins":[],"reports":[],"resource":{"tables":[{"rows":[{"fields":[],"objectId":"0","subObjectId":"-1"}],"type":"AppName"},{"rows":[{"fields":[],"objectId":"0","subObjectId":"-1"}],"type":"AppDescription"},{"rows":[{"fields":[],"objectId":"6044617","subObjectId":"-1"},{"fields":[],"objectId":"6044618","subObjectId":"-1"},{"fields":[],"objectId":"6044619","subObjectId":"-1"},{"fields":[],"objectId":"6044620","subObjectId":"-1"},{"fields":[],"objectId":"6044621","subObjectId":"-1"},{"fields":[],"objectId":"6044622","subObjectId":"-1"},{"fields":[],"objectId":"6044623","subObjectId":"-1"},{"fields":[],"objectId":"6044624","subObjectId":"-1"},{"fields":[],"objectId":"6044628","subObjectId":"-1"},{"fields":[],"objectId":"6044629","subObjectId":"-1"},{"fields":[],"objectId":"6045376","subObjectId":"-1"},{"fields":[],"objectId":"6428880","subObjectId":"-1"},{"fields":[],"objectId":"6429201","subObjectId":"-1"},{"fields":[],"objectId":"6429201","subObjectId":"6429192"},{"fields":[],"objectId":"6429201","subObjectId":"6429198"},{"fields":[],"objectId":"6429201","subObjectId":"6429197"},{"fields":[],"objectId":"6429201","subObjectId":"6443380"},{"fields":[],"objectId":"6429201","subObjectId":"6429200"},{"fields":[],"objectId":"6429201","subObjectId":"6442909"},{"fields":[],"objectId":"6429201","subObjectId":"6429195"},{"fields":[],"objectId":"6429201","subObjectId":"6442908"},{"fields":[],"objectId":"6429201","subObjectId":"6442910"},{"fields":[],"objectId":"6429201","subObjectId":"6429196"},{"fields":[],"objectId":"6429201","subObjectId":"6429199"},{"fields":[],"objectId":"6429201","subObjectId":"6442911"},{"fields":[],"objectId":"6429201","subObjectId":"6442912"},{"fields":[],"objectId":"6429201","subObjectId":"6442913"},{"fields":[],"objectId":"6429201","subObjectId":"6442914"},{"fields":[],"objectId":"6429201","subObjectId":"6442915"},{"fields":[],"objectId":"6429201","subObjectId":"6446349"},{"fields":[],"objectId":"6429201","subObjectId":"6429191"},{"fields":[],"objectId":"6429307","subObjectId":"-1"},{"fields":[],"objectId":"6429318","subObjectId":"-1"},{"fields":[],"objectId":"6429968","subObjectId":"-1"},{"fields":[],"objectId":"6429969","subObjectId":"-1"},{"fields":[],"objectId":"6430008","subObjectId":"-1"},{"fields":[],"objectId":"6430112","subObjectId":"-1"},{"fields":[],"objectId":"6430113","subObjectId":"-1"},{"fields":[],"objectId":"6430114","subObjectId":"-1"},{"fields":[],"objectId":"6430115","subObjectId":"-1"},{"fields":[],"objectId":"6430116","subObjectId":"-1"},{"fields":[],"objectId":"6431107","subObjectId":"-1"},{"fields":[],"objectId":"6431649","subObjectId":"-1"},{"fields":[],"objectId":"6431650","subObjectId":"-1"},{"fields":[],"objectId":"6431651","subObjectId":"-1"},{"fields":[],"objectId":"6431658","subObjectId":"-1"},{"fields":[],"objectId":"6431658","subObjectId":"6431653"},{"fields":[],"objectId":"6431658","subObjectId":"6431654"},{"fields":[],"objectId":"6431658","subObjectId":"6431657"},{"fields":[],"objectId":"6431658","subObjectId":"6431656"},{"fields":[],"objectId":"6431658","subObjectId":"6431655"},{"fields":[],"objectId":"6431659","subObjectId":"-1"},{"fields":[],"objectId":"6431676","subObjectId":"-1"},{"fields":[],"objectId":"6431677","subObjectId":"-1"},{"fields":[],"objectId":"6431691","subObjectId":"-1"},{"fields":[],"objectId":"6438809","subObjectId":"-1"},{"fields":[],"objectId":"6438810","subObjectId":"-1"},{"fields":[],"objectId":"6438811","subObjectId":"-1"},{"fields":[],"objectId":"6440205","subObjectId":"-1"},{"fields":[],"objectId":"6440639","subObjectId":"-1"},{"fields":[],"objectId":"6440639","subObjectId":"6440635"},{"fields":[],"objectId":"6440640","subObjectId":"-1"},{"fields":[],"objectId":"6440640","subObjectId":"6440637"},{"fields":[],"objectId":"6440985","subObjectId":"-1"},{"fields":[],"objectId":"6440986","subObjectId":"-1"},{"fields":[],"objectId":"6440987","subObjectId":"-1"},{"fields":[],"objectId":"6441016","subObjectId":"-1"},{"fields":[],"objectId":"6443615","subObjectId":"-1"},{"fields":[],"objectId":"6443616","subObjectId":"-1"},{"fields":[],"objectId":"6445123","subObjectId":"-1"},{"fields":[],"objectId":"6445124","subObjectId":"-1"},{"fields":[],"objectId":"6445125","subObjectId":"-1"}],"type":"FieldLabel"},{"rows":[{"fields":[],"objectId":"6045132","subObjectId":"-1"},{"fields":[],"objectId":"6441351","subObjectId":"-1"},{"fields":[],"objectId":"6440823","subObjectId":"-1"},{"fields":[],"objectId":"20","subObjectId":"-1"}],"type":"ViewName"},{"rows":[],"type":"CategoryName"}]},"schema":{"groups":[{"childLocalId":"6430008","vtComponentLocalId":"6430064"},{"childLocalId":"6440205","vtComponentLocalId":"6430064"}],"revision":null,"subTable":{},"table":{"fieldList":{"6044617":{"id":"6044617","label":"レコード番号","properties":{"noLabel":"false","required":"true"},"type":"RECORD_ID","var":"レコード番号"},"6044618":{"id":"6044618","label":"更新者","properties":{"noLabel":"false","required":"true"},"type":"MODIFIER","var":"更新者"},"6044619":{"id":"6044619","label":"作成者","properties":{"noLabel":"false","required":"true"},"type":"CREATOR","var":"作成者"},"6044620":{"id":"6044620","label":"更新日時","properties":{"noLabel":"false","required":"true"},"type":"MODIFIED_AT","var":"更新日時"},"6044621":{"id":"6044621","label":"作成日時","properties":{"noLabel":"false","required":"true"},"type":"CREATED_AT","var":"作成日時"},"6044622":{"id":"6044622","label":"ステータス","properties":{"noLabel":"false","required":"false"},"type":"STATUS","var":"ステータス"},"6044623":{"id":"6044623","label":"作業者","properties":{"noLabel":"false","required":"false"},"type":"STATUS_ASSIGNEE","var":"作業者"},"6044624":{"id":"6044624","label":"カテゴリー","properties":{"noLabel":"false","required":"false"},"type":"CATEGORY","var":"カテゴリー"},"6044628":{"id":"6044628","label":"店名","properties":{"defaultValue":"","expression":"","hideExpression":"false","max":"64","min":null,"noLabel":"false","required":"true","unique":"true"},"type":"SINGLE_LINE_TEXT","var":"店名"},"6044629":{"id":"6044629","label":"住所","properties":{"defaultValue":"","expression":"","hideExpression":"false","max":null,"min":null,"noLabel":"false","required":"false","unique":"false"},"type":"SINGLE_LINE_TEXT","var":"住所"},"6045376":{"id":"6045376","label":"店舗名","properties":{"defaultEntities":[],"defaultSelect":[],"entities":[],"noLabel":"false","required":"false","select":[]},"type":"USER_SELECT","var":"店舗名"},"6428880":{"id":"6428880","label":"店番","properties":{"defaultValue":null,"digit":"false","displayScale":null,"max":null,"min":null,"noLabel":"false","required":"true","roundingMode":null,"scale":null,"unique":"true","unit":"","unitPosition":"BEFORE"},"type":"DECIMAL","var":"店番"},"6429201":{"id":"6429201","label":"業態","properties":{"defaultValue":null,"noLabel":"false","options":[{"id":"6429192","label":"ミライザカ","valid":true},{"id":"6429198","label":"鳥メロ","valid":true},{"id":"6429197","label":"炭旬","valid":true},{"id":"6443380","label":"酒場","valid":true},{"id":"6429200","label":"銀政","valid":true},{"id":"6442909","label":"しろくま","valid":true},{"id":"6429195","label":"ワンズ","valid":true},{"id":"6442908","label":"TGI","valid":true},{"id":"6442910","label":"TEX","valid":true},{"id":"6429196","label":"かみむら牧場","valid":true},{"id":"6429199","label":"焼肉の和民","valid":true},{"id":"6442911","label":"うしメロ","valid":true},{"id":"6442912","label":"オリーブ","valid":true},{"id":"6442913","label":"から揚げの天才","valid":true},{"id":"6442914","label":"すしの和","valid":true},{"id":"6442915","label":"のれん街","valid":true},{"id":"6446349","label":"牛武","valid":true},{"id":"6429191","label":"和民","valid":false}],"required":"false"},"type":"SINGLE_SELECT","var":"業態"},"6429307":{"id":"6429307","label":"店長名","properties":{"defaultValue":"","expression":"","hideExpression":"false","max":null,"min":null,"noLabel":"false","required":"false","unique":"false"},"type":"SINGLE_LINE_TEXT","var":"店長名"},"6429318":{"id":"6429318","label":"AM","properties":{"defaultEntities":[],"defaultSelect":[],"entities":[],"noLabel":"false","required":"false","select":[]},"type":"USER_SELECT","var":"AM"},"6429968":{"id":"6429968","label":"本部長","properties":{"defaultEntities":[],"defaultSelect":[],"entities":[],"noLabel":"false","required":"false","select":[]},"type":"USER_SELECT","var":"本部長"},"6429969":{"id":"6429969","label":"部長","properties":{"defaultEntities":[],"defaultSelect":[],"entities":[],"noLabel":"false","required":"false","select":[]},"type":"USER_SELECT","var":"部長"},"6430008":{"id":"6430008","label":"店舗検索","properties":{"defaultValue":"","expression":"店番&\" \"&店名","hideExpression":"false","max":null,"min":null,"noLabel":"false","required":"false","unique":"false"},"type":"SINGLE_LINE_TEXT","var":"店舗検索"},"6430064":{"id":"6430064","label":"システム","properties":{"noLabel":"false","open":"false","required":"false"},"type":"GROUP","var":"システム"},"6430112":{"id":"6430112","label":"業態番号","properties":{"defaultValue":null,"digit":"false","displayScale":null,"max":null,"min":null,"noLabel":"false","required":"false","roundingMode":null,"scale":null,"unique":"false","unit":"","unitPosition":"BEFORE"},"type":"DECIMAL","var":"業態番号"},"6430113":{"id":"6430113","label":"都道府県","properties":{"defaultValue":"","expression":"","hideExpression":"false","max":null,"min":null,"noLabel":"false","required":"false","unique":"false"},"type":"SINGLE_LINE_TEXT","var":"都道府県"},"6430114":{"id":"6430114","label":"電話番号","properties":{"defaultValue":"","max":null,"min":null,"noLabel":"false","protocol":"CALL","required":"false","unique":"false"},"type":"LINK","var":"電話番号"},"6430115":{"id":"6430115","label":"内線番号","properties":{"defaultValue":"","max":null,"min":null,"noLabel":"false","protocol":"CALL","required":"false","unique":"false"},"type":"LINK","var":"内線番号"},"6430116":{"id":"6430116","label":"FAX番号","properties":{"defaultValue":"","max":null,"min":null,"noLabel":"false","protocol":"CALL","required":"false","unique":"false"},"type":"LINK","var":"FAX番号"},"6431107":{"id":"6431107","label":"フロン機器リスト添付","properties":{"noLabel":"false","required":"false","thumbnailSize":"150"},"type":"FILE","var":"フロン機器リスト添付"},"6431649":{"id":"6431649","label":"本部","properties":{"defaultValue":"","expression":"","hideExpression":"false","max":null,"min":null,"noLabel":"false","required":"false","unique":"false"},"type":"SINGLE_LINE_TEXT","var":"本部"},"6431650":{"id":"6431650","label":"部","properties":{"defaultValue":"","expression":"","hideExpression":"false","max":null,"min":null,"noLabel":"false","required":"false","unique":"false"},"type":"SINGLE_LINE_TEXT","var":"部"},"6431651":{"id":"6431651","label":"エリア","properties":{"defaultValue":"","expression":"","hideExpression":"false","max":null,"min":null,"noLabel":"false","required":"false","unique":"false"},"type":"SINGLE_LINE_TEXT","var":"エリア"},"6431658":{"id":"6431658","label":"区分","properties":{"defaultValue":null,"noLabel":"false","options":[{"id":"6431653","label":"直営","valid":true},{"id":"6431654","label":"fc","valid":true},{"id":"6431657","label":"DFC-a","valid":true},{"id":"6431656","label":"DFC-b","valid":true},{"id":"6431655","label":"DFC-c","valid":true}],"required":"false"},"type":"SINGLE_SELECT","var":"区分"},"6431659":{"id":"6431659","label":"オーナー名","properties":{"defaultValue":"","expression":"","hideExpression":"false","max":null,"min":null,"noLabel":"false","required":"false","unique":"false"},"type":"SINGLE_LINE_TEXT","var":"オーナー名"},"6431676":{"id":"6431676","label":"略称","properties":{"defaultValue":"","expression":"","hideExpression":"false","max":null,"min":null,"noLabel":"false","required":"false","unique":"false"},"type":"SINGLE_LINE_TEXT","var":"略称"},"6431677":{"id":"6431677","label":"FCオーナー","properties":{"defaultEntities":[],"defaultSelect":[],"entities":[],"noLabel":"false","required":"false","select":[]},"type":"USER_SELECT","var":"FCオーナー"},"6431691":{"id":"6431691","label":"グループ選択","properties":{"defaultEntities":[],"defaultSelect":[],"entities":[],"noLabel":"false","required":"false","select":[]},"type":"GROUP_SELECT","var":"グループ選択"},"6438809":{"id":"6438809","label":"食洗機用洗剤","properties":{"defaultValue":"","expression":"","hideExpression":"false","max":null,"min":null,"noLabel":"false","required":"false","unique":"false"},"type":"SINGLE_LINE_TEXT","var":"食洗機用洗剤"},"6438810":{"id":"6438810","label":"除菌洗浄剤1","properties":{"defaultValue":"","expression":"","hideExpression":"false","max":null,"min":null,"noLabel":"false","required":"false","unique":"false"},"type":"SINGLE_LINE_TEXT","var":"除菌洗浄剤1"},"6438811":{"id":"6438811","label":"除菌用製剤2","properties":{"defaultValue":"","expression":"","hideExpression":"false","max":null,"min":null,"noLabel":"false","required":"false","unique":"false"},"type":"SINGLE_LINE_TEXT","var":"除菌用製剤2"},"6440205":{"id":"6440205","label":"店舗形態","properties":{"defaultValue":"","expression":"IF(区分=\"直営\",\"直営\",IF(区分=\"fc\",\"FC/DFC\",IF(区分=\"DFC-a\",\"FC/DFC\",IF(区分=\"DFC-b\",\"FC/DFC\",IF(区分=\"DFC-c\",\"FC/DFC\",\"-\")))))","hideExpression":"false","max":null,"min":null,"noLabel":"false","required":"false","unique":"false"},"type":"SINGLE_LINE_TEXT","var":"店舗形態"},"6440639":{"id":"6440639","label":"先月","properties":{"defaultValue":[],"noLabel":"false","options":[{"id":"6440635","label":"営業フラグ","valid":true}],"required":"false"},"type":"MULTIPLE_CHECK","var":"先月営業フラグ"},"6440640":{"id":"6440640","label":"今月","properties":{"defaultValue":[],"noLabel":"false","options":[{"id":"6440637","label":"営業フラグ","valid":true}],"required":"false"},"type":"MULTIPLE_CHECK","var":"今月営業フラグ"},"6440985":{"id":"6440985","label":"エアコン該当台数（7.5以上50kW未満）","properties":{"defaultValue":null,"digit":"true","displayScale":null,"max":null,"min":null,"noLabel":"false","required":"false","roundingMode":null,"scale":null,"unique":"false","unit":"","unitPosition":"BEFORE"},"type":"DECIMAL","var":"エアコン該当台数7_5以上"},"6440986":{"id":"6440986","label":"エアコン該当台数（7.5kW未満）","properties":{"defaultValue":null,"digit":"true","displayScale":null,"max":null,"min":null,"noLabel":"false","required":"false","roundingMode":null,"scale":null,"unique":"false","unit":"","unitPosition":"BEFORE"},"type":"DECIMAL","var":"エアコン該当台数7_5kW未満"},"6440987":{"id":"6440987","label":"冷蔵冷凍機器 該当台数","properties":{"defaultValue":null,"digit":"false","displayScale":null,"max":null,"min":null,"noLabel":"false","required":"false","roundingMode":null,"scale":null,"unique":"false","unit":"","unitPosition":"BEFORE"},"type":"DECIMAL","var":"冷蔵冷凍機器_該当台数"},"6441016":{"id":"6441016","label":"その他洗剤","properties":{"defaultValue":"","expression":"","hideExpression":"false","max":null,"min":null,"noLabel":"false","required":"false","unique":"false"},"type":"SINGLE_LINE_TEXT","var":"その他洗剤"},"6443615":{"id":"6443615","label":"除菌用製剤3","properties":{"defaultValue":"","expression":"","hideExpression":"false","max":null,"min":null,"noLabel":"false","required":"false","unique":"false"},"type":"SINGLE_LINE_TEXT","var":"除菌用製剤3"},"6443616":{"id":"6443616","label":"除菌用製剤4","properties":{"defaultValue":"","expression":"","hideExpression":"false","max":null,"min":null,"noLabel":"false","required":"false","unique":"false"},"type":"SINGLE_LINE_TEXT","var":"除菌用製剤4"},"6445123":{"id":"6445123","label":"水光熱（ガス支払先）","properties":{"defaultValue":"","expression":"","hideExpression":"false","max":null,"min":null,"noLabel":"false","required":"false","unique":"false"},"type":"SINGLE_LINE_TEXT","var":"文字列__1行_"},"6445124":{"id":"6445124","label":"水光熱（電気支払先）","properties":{"defaultValue":"","expression":"","hideExpression":"false","max":null,"min":null,"noLabel":"false","required":"false","unique":"false"},"type":"SINGLE_LINE_TEXT","var":"文字列__1行__0"},"6445125":{"id":"6445125","label":"水光熱（水道支払先）","properties":{"defaultValue":"","expression":"","hideExpression":"false","max":null,"min":null,"noLabel":"false","required":"false","unique":"false"},"type":"SINGLE_LINE_TEXT","var":"文字列__1行__1"}},"id":"1","label":"__ROOT__","properties":null,"var":"__ROOT__"}},"settingsNotesForm":{"content":null,"willBeInherited":null},"status":{"actions":[],"filters":[],"initialStateId":null,"states":[],"useStatus":"false"},"uuid":"5698917c-c94b-4ed2-83d2-a20aba93cb4e","views":[{"advancedMode":"false","builtinType":null,"device":null,"fields":[{"row":[{"columnWidth":null,"id":"6431658"},{"columnWidth":null,"id":"6431676"},{"columnWidth":null,"id":"6429318"},{"columnWidth":null,"id":"6431659"},{"columnWidth":null,"id":"6428880"},{"columnWidth":null,"id":"6044628"},{"columnWidth":null,"id":"6044629"},{"columnWidth":null,"id":"6430114"},{"columnWidth":null,"id":"6430115"},{"columnWidth":null,"id":"6431107"}]}],"filter":{"category":null,"offset":null,"order":["ASC"],"q":null,"size":null,"sort":["f6428880"]},"html":null,"keyFieldId":null,"name":"一覧","pager":null,"revision":null,"titleFieldId":null,"view":"6045132","viewType":"LIST"},{"advancedMode":"false","builtinType":null,"device":null,"fields":[{"row":[{"columnWidth":null,"id":"6428880"},{"columnWidth":null,"id":"6044628"},{"columnWidth":null,"id":"6430112"},{"columnWidth":null,"id":"6429201"},{"columnWidth":null,"id":"6429307"},{"columnWidth":null,"id":"6430113"},{"columnWidth":null,"id":"6044629"},{"columnWidth":null,"id":"6431659"},{"columnWidth":null,"id":"6430114"},{"columnWidth":null,"id":"6430115"},{"columnWidth":null,"id":"6430116"},{"columnWidth":null,"id":"6438809"},{"columnWidth":null,"id":"6438810"},{"columnWidth":null,"id":"6438811"},{"columnWidth":null,"id":"6441016"},{"columnWidth":null,"id":"6440985"},{"columnWidth":null,"id":"6440986"},{"columnWidth":null,"id":"6440987"}]}],"filter":{"category":null,"offset":null,"order":["ASC"],"q":null,"size":null,"sort":["f6428880"]},"html":null,"keyFieldId":null,"name":"csv設定用（上書きのみ利用）","pager":null,"revision":null,"titleFieldId":null,"view":"6441351","viewType":"LIST"},{"advancedMode":"false","builtinType":null,"device":null,"fields":[{"row":[{"columnWidth":null,"id":"6428880"},{"columnWidth":null,"id":"6429201"},{"columnWidth":null,"id":"6044628"},{"columnWidth":null,"id":"6044629"},{"columnWidth":null,"id":"6429307"},{"columnWidth":null,"id":"6045376"},{"columnWidth":null,"id":"6429318"},{"columnWidth":null,"id":"6431107"},{"columnWidth":null,"id":"6044621"},{"columnWidth":null,"id":"6044619"}]}],"filter":{"category":null,"offset":null,"order":["ASC"],"q":"f6044619 in (\" USER\")","size":null,"sort":["f6428880"]},"html":null,"keyFieldId":null,"name":"FBJテスト確認用","pager":null,"revision":null,"titleFieldId":null,"view":"6440823","viewType":"LIST"},{"advancedMode":null,"builtinType":"ALL","device":null,"fields":[{"row":[{"columnWidth":null,"id":"6044617"},{"columnWidth":null,"id":"6044628"},{"columnWidth":null,"id":"6044629"},{"columnWidth":null,"id":"6045376"},{"columnWidth":null,"id":"6428880"},{"columnWidth":null,"id":"6429201"},{"columnWidth":null,"id":"6429307"},{"columnWidth":null,"id":"6429318"},{"columnWidth":null,"id":"6429968"},{"columnWidth":null,"id":"6429969"},{"columnWidth":null,"id":"6430008"},{"columnWidth":null,"id":"6430112"},{"columnWidth":null,"id":"6430113"},{"columnWidth":null,"id":"6430114"},{"columnWidth":null,"id":"6430115"},{"columnWidth":null,"id":"6430116"},{"columnWidth":null,"id":"6431107"},{"columnWidth":null,"id":"6431649"},{"columnWidth":null,"id":"6431650"},{"columnWidth":null,"id":"6431651"},{"columnWidth":null,"id":"6431658"},{"columnWidth":null,"id":"6431659"},{"columnWidth":null,"id":"6431676"},{"columnWidth":null,"id":"6431677"},{"columnWidth":null,"id":"6431691"},{"columnWidth":null,"id":"6438809"},{"columnWidth":null,"id":"6438810"},{"columnWidth":null,"id":"6438811"},{"columnWidth":null,"id":"6440205"},{"columnWidth":null,"id":"6440639"},{"columnWidth":null,"id":"6440640"},{"columnWidth":null,"id":"6440985"},{"columnWidth":null,"id":"6440986"},{"columnWidth":null,"id":"6440987"},{"columnWidth":null,"id":"6441016"},{"columnWidth":null,"id":"6443615"},{"columnWidth":null,"id":"6443616"},{"columnWidth":null,"id":"6445123"},{"columnWidth":null,"id":"6445124"},{"columnWidth":null,"id":"6445125"}]}],"filter":{"category":null,"offset":null,"order":[],"q":null,"size":null,"sort":[]},"html":null,"keyFieldId":null,"name":"（すべて）","pager":null,"revision":null,"titleFieldId":null,"view":"20","viewType":"LIST"}]}],"description":"","iconKey":"APP46","iconMeta":null,"iconSrcAppId":"5698917c-c94b-4ed2-83d2-a20aba93cb4e","iconType":"PRESET","imagesMeta":[],"lookups":[],"name":"店舗情報","references":[],"version":"40"}