{"actions":[],"apps":[{"acl":{"app":[],"field":[],"record":[]},"app":null,"category":{"categories":[],"useCategory":"false"},"form":{"layout":"[{\"id\":null,\"type\":\"ROW\",\"isSubTable\":false,\"var\":null,\"label\":null,\"controlList\":[{\"isVirtical\":true,\"styleMap\":{\"width\":207},\"type\":\"FILE\",\"var\":\"メールPDF\",\"label\":\"メールPDF\"},{\"isVirtical\":true,\"styleMap\":{\"width\":207},\"type\":\"FILE\",\"var\":\"アンケート報告書原子\",\"label\":\"アンケート報告書\"}]},{\"id\":null,\"type\":\"ROW\",\"isSubTable\":false,\"var\":null,\"label\":null,\"controlList\":[{\"isVirtical\":true,\"styleMap\":{},\"canvasData\":[{\"id\":null,\"type\":\"ROW\",\"isSubTable\":false,\"var\":null,\"label\":null,\"controlList\":[{\"isVirtical\":true,\"styleMap\":{\"width\":344},\"type\":\"USER_SELECT\",\"var\":\"コールセンタ\",\"label\":\"コールセンタ\"}]},{\"id\":null,\"type\":\"ROW\",\"isSubTable\":false,\"var\":null,\"label\":null,\"controlList\":[{\"isVirtical\":true,\"styleMap\":{\"width\":344},\"type\":\"USER_SELECT\",\"var\":\"コールセンタ上長\",\"label\":\"コールセンタ上長\"}]},{\"id\":null,\"type\":\"ROW\",\"isSubTable\":false,\"var\":null,\"label\":null,\"controlList\":[{\"isVirtical\":true,\"styleMap\":{\"width\":344},\"type\":\"USER_SELECT\",\"var\":\"店長\",\"label\":\"店長\"}]},{\"id\":null,\"type\":\"ROW\",\"isSubTable\":false,\"var\":null,\"label\":null,\"controlList\":[{\"isVirtical\":true,\"styleMap\":{\"width\":344},\"type\":\"USER_SELECT\",\"var\":\"AM\",\"label\":\"AM\"}]},{\"id\":null,\"type\":\"ROW\",\"isSubTable\":false,\"var\":null,\"label\":null,\"controlList\":[{\"isVirtical\":true,\"styleMap\":{\"width\":344},\"type\":\"USER_SELECT\",\"var\":\"部長\",\"label\":\"部長\"}]},{\"id\":null,\"type\":\"ROW\",\"isSubTable\":false,\"var\":null,\"label\":null,\"controlList\":[{\"isVirtical\":true,\"styleMap\":{\"width\":344},\"type\":\"USER_SELECT\",\"var\":\"本部長\",\"label\":\"本部長\"}]}],\"type\":\"GROUP\",\"var\":\"グループ\",\"label\":\"グループ\"}]},{\"id\":\"5520384\",\"type\":\"SUBTABLE\",\"isSubTable\":true,\"var\":\"テーブル\",\"label\":\"テーブル\",\"controlList\":[{\"isVirtical\":true,\"styleMap\":{\"width\":193},\"type\":\"SINGLE_LINE_TEXT\",\"var\":\"担当者\",\"label\":\"担当者\"},{\"isVirtical\":true,\"styleMap\":{\"width\":193},\"type\":\"SINGLE_LINE_TEXT\",\"var\":\"文字列__1行_\",\"label\":\"文字列 (1行)\"}]}]","revision":null},"iconMeta":null,"info":{"automaticallyChooseTitleComponent":"true","code":null,"decimalPrecision":"16","decimalScale":"4","description":"","enableBulkDeletion":"false","enableRecordReuse":"true","fiscalYearStartMonth":"4","iconKey":"APP62","iconType":"PRESET","jsFiles":null,"jsScope":"ALL","name":"メッセージアプリ(本番)","roundingMode":"HALF_EVEN","theme":"PLAIN","titleComponentLocalId":null,"useComment":"true","useHistory":"true","useThumbnail":"true"},"jsFiles":[{"jsFileMetas":[{"internalName":null,"locationType":"URL","mime":null,"name":null,"url":"https://js.cybozu.com/jquery/2.2.4/jquery.min.js"},{"internalName":null,"locationType":"URL","mime":null,"name":null,"url":"https://js.cybozu.com/jquery/3.7.0/jquery.min.js"},{"internalName":null,"locationType":"BLOB","mime":"text/javascript","name":"メッセージ送信.js","url":null}],"jsType":"DESKTOP"}],"notification":{"appNotifications":[{"events":["RECORD_COMMENT_ADDED"],"target":{"entityId":"5520287","entityType":"FIELD_ENTITY","includeSubs":"false"}},{"events":["RECORD_COMMENT_ADDED"],"target":{"entityId":"5520288","entityType":"FIELD_ENTITY","includeSubs":"false"}}],"recordNotifications":[],"reminderTimezone":null,"reminders":[],"useComment":"true","useReminder":"false"},"plugins":[{"enabled":"true","id":"fdeplpmkengkldpdlaiegpokgmaabkkb"}],"reports":[],"resource":{"tables":[{"rows":[{"fields":[],"objectId":"0","subObjectId":"-1"}],"type":"AppName"},{"rows":[{"fields":[],"objectId":"0","subObjectId":"-1"}],"type":"AppDescription"},{"rows":[{"fields":[],"objectId":"5520286","subObjectId":"-1"},{"fields":[],"objectId":"5520287","subObjectId":"-1"},{"fields":[],"objectId":"5520288","subObjectId":"-1"},{"fields":[],"objectId":"5520289","subObjectId":"-1"},{"fields":[],"objectId":"5520290","subObjectId":"-1"},{"fields":[],"objectId":"5520291","subObjectId":"-1"},{"fields":[],"objectId":"5520292","subObjectId":"-1"},{"fields":[],"objectId":"5520293","subObjectId":"-1"},{"fields":[],"objectId":"5520297","subObjectId":"-1"},{"fields":[],"objectId":"5520300","subObjectId":"-1"},{"fields":[],"objectId":"5520301","subObjectId":"-1"},{"fields":[],"objectId":"5520302","subObjectId":"-1"},{"fields":[],"objectId":"5520303","subObjectId":"-1"},{"fields":[],"objectId":"5520304","subObjectId":"-1"},{"fields":[],"objectId":"5520305","subObjectId":"-1"},{"fields":[],"objectId":"5520306","subObjectId":"-1"},{"fields":[],"objectId":"5520384","subObjectId":"-1"},{"fields":[],"objectId":"5520383","subObjectId":"-1"},{"fields":[],"objectId":"5520391","subObjectId":"-1"}],"type":"FieldLabel"},{"rows":[{"fields":[],"objectId":"20","subObjectId":"-1"}],"type":"ViewName"},{"rows":[{"fields":[],"objectId":"5520341","subObjectId":"-1"},{"fields":[],"objectId":"5520342","subObjectId":"-1"},{"fields":[],"objectId":"5520343","subObjectId":"-1"},{"fields":[],"objectId":"5520344","subObjectId":"-1"},{"fields":[],"objectId":"5520345","subObjectId":"-1"}],"type":"StatusState"},{"rows":[{"fields":[],"objectId":"5520350","subObjectId":"-1"},{"fields":[],"objectId":"5520351","subObjectId":"-1"},{"fields":[],"objectId":"5520352","subObjectId":"-1"},{"fields":[],"objectId":"5520353","subObjectId":"-1"},{"fields":[],"objectId":"5520354","subObjectId":"-1"},{"fields":[],"objectId":"5520355","subObjectId":"-1"},{"fields":[],"objectId":"5520356","subObjectId":"-1"}],"type":"StatusAction"},{"rows":[],"type":"CategoryName"}]},"schema":{"groups":[{"childLocalId":"5520297","vtComponentLocalId":"5520296"},{"childLocalId":"5520300","vtComponentLocalId":"5520296"},{"childLocalId":"5520301","vtComponentLocalId":"5520296"},{"childLocalId":"5520302","vtComponentLocalId":"5520296"},{"childLocalId":"5520303","vtComponentLocalId":"5520296"},{"childLocalId":"5520304","vtComponentLocalId":"5520296"}],"revision":null,"subTable":{"5520384":{"fieldList":{"5520383":{"id":"5520383","label":"担当者","properties":{"defaultValue":"","expression":"","hideExpression":"false","max":null,"min":null,"noLabel":"false","required":"false","unique":"false"},"type":"SINGLE_LINE_TEXT","var":"担当者"},"5520391":{"id":"5520391","label":"文字列 (1行)","properties":{"defaultValue":"","expression":"","hideExpression":"false","max":null,"min":null,"noLabel":"false","required":"false","unique":"false"},"type":"SINGLE_LINE_TEXT","var":"文字列__1行_"}},"id":"5520384","label":"テーブル","properties":{"noLabel":"false"},"var":"テーブル"}},"table":{"fieldList":{"5520286":{"id":"5520286","label":"レコード番号","properties":{"noLabel":"false","required":"true"},"type":"RECORD_ID","var":"レコード番号"},"5520287":{"id":"5520287","label":"更新者","properties":{"noLabel":"false","required":"true"},"type":"MODIFIER","var":"更新者"},"5520288":{"id":"5520288","label":"作成者","properties":{"noLabel":"false","required":"true"},"type":"CREATOR","var":"作成者"},"5520289":{"id":"5520289","label":"更新日時","properties":{"noLabel":"false","required":"true"},"type":"MODIFIED_AT","var":"更新日時"},"5520290":{"id":"5520290","label":"作成日時","properties":{"noLabel":"false","required":"true"},"type":"CREATED_AT","var":"作成日時"},"5520291":{"id":"5520291","label":"ステータス","properties":{"noLabel":"false","required":"false"},"type":"STATUS","var":"ステータス"},"5520292":{"id":"5520292","label":"作業者","properties":{"noLabel":"false","required":"false"},"type":"STATUS_ASSIGNEE","var":"作業者"},"5520293":{"id":"5520293","label":"カテゴリー","properties":{"noLabel":"false","required":"false"},"type":"CATEGORY","var":"カテゴリー"},"5520296":{"id":"5520296","label":"グループ","properties":{"noLabel":"false","open":"false","required":"false"},"type":"GROUP","var":"グループ"},"5520297":{"id":"5520297","label":"店長","properties":{"defaultEntities":[],"defaultSelect":[],"entities":[],"noLabel":"false","required":"false","select":[]},"type":"USER_SELECT","var":"店長"},"5520300":{"id":"5520300","label":"コールセンタ","properties":{"defaultEntities":[],"defaultSelect":[],"entities":[],"noLabel":"false","required":"false","select":[]},"type":"USER_SELECT","var":"コールセンタ"},"5520301":{"id":"5520301","label":"コールセンタ上長","properties":{"defaultEntities":[],"defaultSelect":[],"entities":[],"noLabel":"false","required":"false","select":[]},"type":"USER_SELECT","var":"コールセンタ上長"},"5520302":{"id":"5520302","label":"AM","properties":{"defaultEntities":[],"defaultSelect":[],"entities":[],"noLabel":"false","required":"false","select":[]},"type":"USER_SELECT","var":"AM"},"5520303":{"id":"5520303","label":"部長","properties":{"defaultEntities":[],"defaultSelect":[],"entities":[],"noLabel":"false","required":"false","select":[]},"type":"USER_SELECT","var":"部長"},"5520304":{"id":"5520304","label":"本部長","properties":{"defaultEntities":[],"defaultSelect":[],"entities":[],"noLabel":"false","required":"false","select":[]},"type":"USER_SELECT","var":"本部長"},"5520305":{"id":"5520305","label":"メールPDF","properties":{"noLabel":"false","required":"false","thumbnailSize":"150"},"type":"FILE","var":"メールPDF"},"5520306":{"id":"5520306","label":"アンケート報告書","properties":{"noLabel":"false","required":"false","thumbnailSize":"150"},"type":"FILE","var":"アンケート報告書原子"}},"id":"1","label":"__ROOT__","properties":null,"var":"__ROOT__"}},"settingsNotesForm":{"content":null,"willBeInherited":null},"status":{"actions":[{"app":null,"assignees":[],"filter":"5520346","from":"5520341","fromLabel":null,"id":"5520350","label":"申請","record":null,"revision":null,"to":"5520342","toApprovalType":null,"toLabel":null},{"app":null,"assignees":[],"filter":"5520347","from":"5520342","fromLabel":null,"id":"5520351","label":"承認","record":null,"revision":null,"to":"5520343","toApprovalType":null,"toLabel":null},{"app":null,"assignees":[],"filter":"5520347","from":"5520342","fromLabel":null,"id":"5520352","label":"差戻し","record":null,"revision":null,"to":"5520341","toApprovalType":null,"toLabel":null},{"app":null,"assignees":[],"filter":"5520348","from":"5520343","fromLabel":null,"id":"5520353","label":"申請","record":null,"revision":null,"to":"5520344","toApprovalType":null,"toLabel":null},{"app":null,"assignees":[],"filter":"5520348","from":"5520343","fromLabel":null,"id":"5520354","label":"差戻し","record":null,"revision":null,"to":"5520342","toApprovalType":null,"toLabel":null},{"app":null,"assignees":[],"filter":"5520349","from":"5520344","fromLabel":null,"id":"5520355","label":"承認","record":null,"revision":null,"to":"5520345","toApprovalType":null,"toLabel":null},{"app":null,"assignees":[],"filter":"5520349","from":"5520344","fromLabel":null,"id":"5520356","label":"差戻し","record":null,"revision":null,"to":"5520343","toApprovalType":null,"toLabel":null}],"filters":[{"condition":"","id":"5520346","state":"5520341"},{"condition":"","id":"5520347","state":"5520342"},{"condition":"","id":"5520348","state":"5520343"},{"condition":"","id":"5520349","state":"5520344"}],"initialStateId":"5520341","states":[{"approvalType":"ONE","assignees":[],"id":"5520341","initial":true,"label":"未処理","valid":true},{"approvalType":"ONE","assignees":[{"entityId":"5520301","entityName":"コールセンタ上長","entityType":"FIELD_ENTITY","includeSubs":"false"}],"id":"5520342","initial":false,"label":"【申請中】コールセンタ","valid":true},{"approvalType":"ONE","assignees":[{"entityId":"5520297","entityName":"店長","entityType":"FIELD_ENTITY","includeSubs":"false"}],"id":"5520343","initial":false,"label":"【確認済み】コールセンタ上長","valid":true},{"approvalType":"ALL","assignees":[{"entityId":"5520304","entityName":"本部長","entityType":"FIELD_ENTITY","includeSubs":"false"},{"entityId":"5520303","entityName":"部長","entityType":"FIELD_ENTITY","includeSubs":"false"}],"id":"5520344","initial":false,"label":"【申請中】店長","valid":true},{"approvalType":"ONE","assignees":[],"id":"5520345","initial":false,"label":"【確認済み】上長確認","valid":true}],"useStatus":"false"},"uuid":"fa29eca6-230a-412e-932c-b7c3f7e9a771","views":[{"advancedMode":null,"builtinType":"ALL","device":null,"fields":[{"row":[{"columnWidth":null,"id":"5520286"},{"columnWidth":null,"id":"5520297"},{"columnWidth":null,"id":"5520300"},{"columnWidth":null,"id":"5520301"},{"columnWidth":null,"id":"5520302"},{"columnWidth":null,"id":"5520303"},{"columnWidth":null,"id":"5520304"},{"columnWidth":null,"id":"5520305"},{"columnWidth":null,"id":"5520306"}]}],"filter":{"category":null,"offset":null,"order":[],"q":null,"size":null,"sort":[]},"html":null,"keyFieldId":null,"name":"（すべて）","pager":null,"revision":null,"titleFieldId":null,"view":"20","viewType":"LIST"}]}],"description":"","iconKey":"APP62","iconMeta":null,"iconSrcAppId":"fa29eca6-230a-412e-932c-b7c3f7e9a771","iconType":"PRESET","imagesMeta":[],"lookups":[],"name":"メッセージアプリ(本番)","references":[],"version":"40"}