{"actions":[],"apps":[{"acl":{"app":[],"field":[],"record":[]},"app":null,"category":{"categories":[],"useCategory":"false"},"form":{"layout":"[{\"id\":null,\"type\":\"ROW\",\"isSubTable\":false,\"var\":null,\"label\":null,\"controlList\":[{\"isVirtical\":true,\"styleMap\":{\"width\":193},\"type\":\"SINGLE_LINE_TEXT\",\"var\":\"店番\",\"label\":\"店番\"}]},{\"id\":null,\"type\":\"ROW\",\"isSubTable\":false,\"var\":null,\"label\":null,\"controlList\":[{\"isVirtical\":true,\"styleMap\":{\"width\":193},\"type\":\"SINGLE_LINE_TEXT\",\"var\":\"店名\",\"label\":\"店名\"}]},{\"id\":null,\"type\":\"ROW\",\"isSubTable\":false,\"var\":null,\"label\":null,\"controlList\":[{\"isVirtical\":true,\"styleMap\":{\"width\":193},\"type\":\"DATE\",\"var\":\"日付\",\"label\":\"日付\"}]},{\"id\":null,\"type\":\"ROW\",\"isSubTable\":false,\"var\":null,\"label\":null,\"controlList\":[{\"isVirtical\":true,\"styleMap\":{\"width\":193},\"type\":\"DECIMAL\",\"var\":\"時間帯別_客数_07\",\"label\":\"時間帯別_客数_07\"},{\"isVirtical\":true,\"styleMap\":{\"width\":193},\"type\":\"DECIMAL\",\"var\":\"時間帯別_客数_08\",\"label\":\"時間帯別_客数_08\"},{\"isVirtical\":true,\"styleMap\":{\"width\":193},\"type\":\"DECIMAL\",\"var\":\"時間帯別_客数_09\",\"label\":\"時間帯別_客数_09\"},{\"isVirtical\":true,\"styleMap\":{\"width\":193},\"type\":\"DECIMAL\",\"var\":\"時間帯別_客数_10\",\"label\":\"時間帯別_客数_10\"},{\"isVirtical\":true,\"styleMap\":{\"width\":193},\"type\":\"DECIMAL\",\"var\":\"時間帯別_客数_11\",\"label\":\"時間帯別_客数_11\"},{\"isVirtical\":true,\"styleMap\":{\"width\":193},\"type\":\"DECIMAL\",\"var\":\"時間帯別_客数_12\",\"label\":\"時間帯別_客数_12\"},{\"isVirtical\":true,\"styleMap\":{\"width\":193},\"type\":\"DECIMAL\",\"var\":\"時間帯別_客数_13\",\"label\":\"時間帯別_客数_13\"},{\"isVirtical\":true,\"styleMap\":{\"width\":193},\"type\":\"DECIMAL\",\"var\":\"時間帯別_客数_14\",\"label\":\"時間帯別_客数_14\"}]},{\"id\":null,\"type\":\"ROW\",\"isSubTable\":false,\"var\":null,\"label\":null,\"controlList\":[{\"isVirtical\":true,\"styleMap\":{\"width\":193},\"type\":\"DECIMAL\",\"var\":\"時間帯別_客数_15\",\"label\":\"時間帯別_客数_15\"},{\"isVirtical\":true,\"styleMap\":{\"width\":193},\"type\":\"DECIMAL\",\"var\":\"時間帯別_客数_16\",\"label\":\"時間帯別_客数_16\"},{\"isVirtical\":true,\"styleMap\":{\"width\":193},\"type\":\"DECIMAL\",\"var\":\"時間帯別_客数_17\",\"label\":\"時間帯別_客数_17\"},{\"isVirtical\":true,\"styleMap\":{\"width\":193},\"type\":\"DECIMAL\",\"var\":\"時間帯別_客数_18\",\"label\":\"時間帯別_客数_18\"},{\"isVirtical\":true,\"styleMap\":{\"width\":193},\"type\":\"DECIMAL\",\"var\":\"時間帯別_客数_19\",\"label\":\"時間帯別_客数_19\"},{\"isVirtical\":true,\"styleMap\":{\"width\":193},\"type\":\"DECIMAL\",\"var\":\"時間帯別_客数_20\",\"label\":\"時間帯別_客数_20\"},{\"isVirtical\":true,\"styleMap\":{\"width\":193},\"type\":\"DECIMAL\",\"var\":\"時間帯別_客数_21\",\"label\":\"時間帯別_客数_21\"},{\"isVirtical\":true,\"styleMap\":{\"width\":193},\"type\":\"DECIMAL\",\"var\":\"時間帯別_客数_22\",\"label\":\"時間帯別_客数_22\"}]},{\"id\":null,\"type\":\"ROW\",\"isSubTable\":false,\"var\":null,\"label\":null,\"controlList\":[{\"isVirtical\":true,\"styleMap\":{\"width\":193},\"type\":\"DECIMAL\",\"var\":\"時間帯別_客数_23\",\"label\":\"時間帯別_客数_23\"},{\"isVirtical\":true,\"styleMap\":{\"width\":193},\"type\":\"DECIMAL\",\"var\":\"時間帯別_客数_24\",\"label\":\"時間帯別_客数_24\"},{\"isVirtical\":true,\"styleMap\":{\"width\":193},\"type\":\"DECIMAL\",\"var\":\"時間帯別_客数_25\",\"label\":\"時間帯別_客数_25\"},{\"isVirtical\":true,\"styleMap\":{\"width\":193},\"type\":\"DECIMAL\",\"var\":\"時間帯別_客数_26\",\"label\":\"時間帯別_客数_26\"},{\"isVirtical\":true,\"styleMap\":{\"width\":193},\"type\":\"DECIMAL\",\"var\":\"時間帯別_客数_27\",\"label\":\"時間帯別_客数_27\"},{\"isVirtical\":true,\"styleMap\":{\"width\":193},\"type\":\"DECIMAL\",\"var\":\"時間帯別_客数_28\",\"label\":\"時間帯別_客数_28\"},{\"isVirtical\":true,\"styleMap\":{\"width\":193},\"type\":\"DECIMAL\",\"var\":\"時間帯別_客数_29\",\"label\":\"時間帯別_客数_29\"},{\"isVirtical\":true,\"styleMap\":{\"width\":193},\"type\":\"DECIMAL\",\"var\":\"時間帯別_客数_30\",\"label\":\"時間帯別_客数_30\"}]}]","revision":null},"iconMeta":null,"info":{"automaticallyChooseTitleComponent":"true","code":null,"decimalPrecision":"16","decimalScale":"4","description":"","enableBulkDeletion":"false","enableRecordReuse":"true","fiscalYearStartMonth":"4","iconKey":"APP39","iconType":"PRESET","jsFiles":null,"jsScope":"ALL","name":"売上速報【時間別推移】","roundingMode":"HALF_EVEN","theme":"PLAIN","titleComponentLocalId":null,"useComment":"true","useHistory":"true","useThumbnail":"true"},"jsFiles":[],"notification":{"appNotifications":[{"events":["RECORD_COMMENT_ADDED"],"target":{"entityId":"6446474","entityType":"FIELD_ENTITY","includeSubs":"false"}},{"events":["RECORD_COMMENT_ADDED"],"target":{"entityId":"6446475","entityType":"FIELD_ENTITY","includeSubs":"false"}}],"recordNotifications":[],"reminderTimezone":null,"reminders":[],"useComment":"true","useReminder":"false"},"plugins":[],"reports":[],"resource":{"tables":[{"rows":[{"fields":[],"objectId":"0","subObjectId":"-1"}],"type":"AppName"},{"rows":[{"fields":[],"objectId":"0","subObjectId":"-1"}],"type":"AppDescription"},{"rows":[{"fields":[],"objectId":"6446473","subObjectId":"-1"},{"fields":[],"objectId":"6446474","subObjectId":"-1"},{"fields":[],"objectId":"6446475","subObjectId":"-1"},{"fields":[],"objectId":"6446476","subObjectId":"-1"},{"fields":[],"objectId":"6446477","subObjectId":"-1"},{"fields":[],"objectId":"6446478","subObjectId":"-1"},{"fields":[],"objectId":"6446479","subObjectId":"-1"},{"fields":[],"objectId":"6446480","subObjectId":"-1"},{"fields":[],"objectId":"6446481","subObjectId":"-1"},{"fields":[],"objectId":"6446482","subObjectId":"-1"},{"fields":[],"objectId":"6446483","subObjectId":"-1"},{"fields":[],"objectId":"6446484","subObjectId":"-1"},{"fields":[],"objectId":"6446485","subObjectId":"-1"},{"fields":[],"objectId":"6446486","subObjectId":"-1"},{"fields":[],"objectId":"6446487","subObjectId":"-1"},{"fields":[],"objectId":"6446488","subObjectId":"-1"},{"fields":[],"objectId":"6446489","subObjectId":"-1"},{"fields":[],"objectId":"6446490","subObjectId":"-1"},{"fields":[],"objectId":"6446491","subObjectId":"-1"},{"fields":[],"objectId":"6446492","subObjectId":"-1"},{"fields":[],"objectId":"6446493","subObjectId":"-1"},{"fields":[],"objectId":"6446494","subObjectId":"-1"},{"fields":[],"objectId":"6446495","subObjectId":"-1"},{"fields":[],"objectId":"6446496","subObjectId":"-1"},{"fields":[],"objectId":"6446497","subObjectId":"-1"},{"fields":[],"objectId":"6446498","subObjectId":"-1"},{"fields":[],"objectId":"6446499","subObjectId":"-1"},{"fields":[],"objectId":"6446500","subObjectId":"-1"},{"fields":[],"objectId":"6446501","subObjectId":"-1"},{"fields":[],"objectId":"6446502","subObjectId":"-1"},{"fields":[],"objectId":"6446503","subObjectId":"-1"},{"fields":[],"objectId":"6446504","subObjectId":"-1"},{"fields":[],"objectId":"6446505","subObjectId":"-1"},{"fields":[],"objectId":"6446506","subObjectId":"-1"},{"fields":[],"objectId":"6446507","subObjectId":"-1"}],"type":"FieldLabel"},{"rows":[{"fields":[],"objectId":"20","subObjectId":"-1"}],"type":"ViewName"},{"rows":[],"type":"CategoryName"}]},"schema":{"groups":[],"revision":null,"subTable":{},"table":{"fieldList":{"6446473":{"id":"6446473","label":"レコード番号","properties":{"noLabel":"false","required":"true"},"type":"RECORD_ID","var":"レコード番号"},"6446474":{"id":"6446474","label":"更新者","properties":{"noLabel":"false","required":"true"},"type":"MODIFIER","var":"更新者"},"6446475":{"id":"6446475","label":"作成者","properties":{"noLabel":"false","required":"true"},"type":"CREATOR","var":"作成者"},"6446476":{"id":"6446476","label":"更新日時","properties":{"noLabel":"false","required":"true"},"type":"MODIFIED_AT","var":"更新日時"},"6446477":{"id":"6446477","label":"作成日時","properties":{"noLabel":"false","required":"true"},"type":"CREATED_AT","var":"作成日時"},"6446478":{"id":"6446478","label":"ステータス","properties":{"noLabel":"false","required":"false"},"type":"STATUS","var":"ステータス"},"6446479":{"id":"6446479","label":"作業者","properties":{"noLabel":"false","required":"false"},"type":"STATUS_ASSIGNEE","var":"作業者"},"6446480":{"id":"6446480","label":"カテゴリー","properties":{"noLabel":"false","required":"false"},"type":"CATEGORY","var":"カテゴリー"},"6446481":{"id":"6446481","label":"店番","properties":{"defaultValue":"","expression":"","hideExpression":"false","max":null,"min":null,"noLabel":"false","required":"false","unique":"false"},"type":"SINGLE_LINE_TEXT","var":"店番"},"6446482":{"id":"6446482","label":"店名","properties":{"defaultValue":"","expression":"","hideExpression":"false","max":null,"min":null,"noLabel":"false","required":"false","unique":"false"},"type":"SINGLE_LINE_TEXT","var":"店名"},"6446483":{"id":"6446483","label":"日付","properties":{"defaultExpression":null,"defaultValue":null,"noLabel":"false","required":"false","unique":"false"},"type":"DATE","var":"日付"},"6446484":{"id":"6446484","label":"時間帯別_客数_07","properties":{"defaultValue":null,"digit":"false","displayScale":null,"max":null,"min":null,"noLabel":"false","required":"false","roundingMode":null,"scale":null,"unique":"false","unit":"","unitPosition":"BEFORE"},"type":"DECIMAL","var":"時間帯別_客数_07"},"6446485":{"id":"6446485","label":"時間帯別_客数_08","properties":{"defaultValue":null,"digit":"false","displayScale":null,"max":null,"min":null,"noLabel":"false","required":"false","roundingMode":null,"scale":null,"unique":"false","unit":"","unitPosition":"BEFORE"},"type":"DECIMAL","var":"時間帯別_客数_08"},"6446486":{"id":"6446486","label":"時間帯別_客数_09","properties":{"defaultValue":null,"digit":"false","displayScale":null,"max":null,"min":null,"noLabel":"false","required":"false","roundingMode":null,"scale":null,"unique":"false","unit":"","unitPosition":"BEFORE"},"type":"DECIMAL","var":"時間帯別_客数_09"},"6446487":{"id":"6446487","label":"時間帯別_客数_10","properties":{"defaultValue":null,"digit":"false","displayScale":null,"max":null,"min":null,"noLabel":"false","required":"false","roundingMode":null,"scale":null,"unique":"false","unit":"","unitPosition":"BEFORE"},"type":"DECIMAL","var":"時間帯別_客数_10"},"6446488":{"id":"6446488","label":"時間帯別_客数_11","properties":{"defaultValue":null,"digit":"false","displayScale":null,"max":null,"min":null,"noLabel":"false","required":"false","roundingMode":null,"scale":null,"unique":"false","unit":"","unitPosition":"BEFORE"},"type":"DECIMAL","var":"時間帯別_客数_11"},"6446489":{"id":"6446489","label":"時間帯別_客数_12","properties":{"defaultValue":null,"digit":"false","displayScale":null,"max":null,"min":null,"noLabel":"false","required":"false","roundingMode":null,"scale":null,"unique":"false","unit":"","unitPosition":"BEFORE"},"type":"DECIMAL","var":"時間帯別_客数_12"},"6446490":{"id":"6446490","label":"時間帯別_客数_13","properties":{"defaultValue":null,"digit":"false","displayScale":null,"max":null,"min":null,"noLabel":"false","required":"false","roundingMode":null,"scale":null,"unique":"false","unit":"","unitPosition":"BEFORE"},"type":"DECIMAL","var":"時間帯別_客数_13"},"6446491":{"id":"6446491","label":"時間帯別_客数_14","properties":{"defaultValue":null,"digit":"false","displayScale":null,"max":null,"min":null,"noLabel":"false","required":"false","roundingMode":null,"scale":null,"unique":"false","unit":"","unitPosition":"BEFORE"},"type":"DECIMAL","var":"時間帯別_客数_14"},"6446492":{"id":"6446492","label":"時間帯別_客数_15","properties":{"defaultValue":null,"digit":"false","displayScale":null,"max":null,"min":null,"noLabel":"false","required":"false","roundingMode":null,"scale":null,"unique":"false","unit":"","unitPosition":"BEFORE"},"type":"DECIMAL","var":"時間帯別_客数_15"},"6446493":{"id":"6446493","label":"時間帯別_客数_16","properties":{"defaultValue":null,"digit":"false","displayScale":null,"max":null,"min":null,"noLabel":"false","required":"false","roundingMode":null,"scale":null,"unique":"false","unit":"","unitPosition":"BEFORE"},"type":"DECIMAL","var":"時間帯別_客数_16"},"6446494":{"id":"6446494","label":"時間帯別_客数_17","properties":{"defaultValue":null,"digit":"false","displayScale":null,"max":null,"min":null,"noLabel":"false","required":"false","roundingMode":null,"scale":null,"unique":"false","unit":"","unitPosition":"BEFORE"},"type":"DECIMAL","var":"時間帯別_客数_17"},"6446495":{"id":"6446495","label":"時間帯別_客数_18","properties":{"defaultValue":null,"digit":"false","displayScale":null,"max":null,"min":null,"noLabel":"false","required":"false","roundingMode":null,"scale":null,"unique":"false","unit":"","unitPosition":"BEFORE"},"type":"DECIMAL","var":"時間帯別_客数_18"},"6446496":{"id":"6446496","label":"時間帯別_客数_19","properties":{"defaultValue":null,"digit":"false","displayScale":null,"max":null,"min":null,"noLabel":"false","required":"false","roundingMode":null,"scale":null,"unique":"false","unit":"","unitPosition":"BEFORE"},"type":"DECIMAL","var":"時間帯別_客数_19"},"6446497":{"id":"6446497","label":"時間帯別_客数_20","properties":{"defaultValue":null,"digit":"false","displayScale":null,"max":null,"min":null,"noLabel":"false","required":"false","roundingMode":null,"scale":null,"unique":"false","unit":"","unitPosition":"BEFORE"},"type":"DECIMAL","var":"時間帯別_客数_20"},"6446498":{"id":"6446498","label":"時間帯別_客数_21","properties":{"defaultValue":null,"digit":"false","displayScale":null,"max":null,"min":null,"noLabel":"false","required":"false","roundingMode":null,"scale":null,"unique":"false","unit":"","unitPosition":"BEFORE"},"type":"DECIMAL","var":"時間帯別_客数_21"},"6446499":{"id":"6446499","label":"時間帯別_客数_22","properties":{"defaultValue":null,"digit":"false","displayScale":null,"max":null,"min":null,"noLabel":"false","required":"false","roundingMode":null,"scale":null,"unique":"false","unit":"","unitPosition":"BEFORE"},"type":"DECIMAL","var":"時間帯別_客数_22"},"6446500":{"id":"6446500","label":"時間帯別_客数_23","properties":{"defaultValue":null,"digit":"false","displayScale":null,"max":null,"min":null,"noLabel":"false","required":"false","roundingMode":null,"scale":null,"unique":"false","unit":"","unitPosition":"BEFORE"},"type":"DECIMAL","var":"時間帯別_客数_23"},"6446501":{"id":"6446501","label":"時間帯別_客数_24","properties":{"defaultValue":null,"digit":"false","displayScale":null,"max":null,"min":null,"noLabel":"false","required":"false","roundingMode":null,"scale":null,"unique":"false","unit":"","unitPosition":"BEFORE"},"type":"DECIMAL","var":"時間帯別_客数_24"},"6446502":{"id":"6446502","label":"時間帯別_客数_25","properties":{"defaultValue":null,"digit":"false","displayScale":null,"max":null,"min":null,"noLabel":"false","required":"false","roundingMode":null,"scale":null,"unique":"false","unit":"","unitPosition":"BEFORE"},"type":"DECIMAL","var":"時間帯別_客数_25"},"6446503":{"id":"6446503","label":"時間帯別_客数_26","properties":{"defaultValue":null,"digit":"false","displayScale":null,"max":null,"min":null,"noLabel":"false","required":"false","roundingMode":null,"scale":null,"unique":"false","unit":"","unitPosition":"BEFORE"},"type":"DECIMAL","var":"時間帯別_客数_26"},"6446504":{"id":"6446504","label":"時間帯別_客数_27","properties":{"defaultValue":null,"digit":"false","displayScale":null,"max":null,"min":null,"noLabel":"false","required":"false","roundingMode":null,"scale":null,"unique":"false","unit":"","unitPosition":"BEFORE"},"type":"DECIMAL","var":"時間帯別_客数_27"},"6446505":{"id":"6446505","label":"時間帯別_客数_28","properties":{"defaultValue":null,"digit":"false","displayScale":null,"max":null,"min":null,"noLabel":"false","required":"false","roundingMode":null,"scale":null,"unique":"false","unit":"","unitPosition":"BEFORE"},"type":"DECIMAL","var":"時間帯別_客数_28"},"6446506":{"id":"6446506","label":"時間帯別_客数_29","properties":{"defaultValue":null,"digit":"false","displayScale":null,"max":null,"min":null,"noLabel":"false","required":"false","roundingMode":null,"scale":null,"unique":"false","unit":"","unitPosition":"BEFORE"},"type":"DECIMAL","var":"時間帯別_客数_29"},"6446507":{"id":"6446507","label":"時間帯別_客数_30","properties":{"defaultValue":null,"digit":"false","displayScale":null,"max":null,"min":null,"noLabel":"false","required":"false","roundingMode":null,"scale":null,"unique":"false","unit":"","unitPosition":"BEFORE"},"type":"DECIMAL","var":"時間帯別_客数_30"}},"id":"1","label":"__ROOT__","properties":null,"var":"__ROOT__"}},"settingsNotesForm":{"content":null,"willBeInherited":null},"status":{"actions":[],"filters":[],"initialStateId":null,"states":[],"useStatus":"false"},"uuid":"18f5315b-48d6-43d0-a949-c2c69d3f09bd","views":[{"advancedMode":null,"builtinType":"ALL","device":null,"fields":[{"row":[{"columnWidth":null,"id":"6446473"},{"columnWidth":null,"id":"6446481"},{"columnWidth":null,"id":"6446482"},{"columnWidth":null,"id":"6446483"},{"columnWidth":null,"id":"6446484"},{"columnWidth":null,"id":"6446485"},{"columnWidth":null,"id":"6446486"},{"columnWidth":null,"id":"6446487"},{"columnWidth":null,"id":"6446488"},{"columnWidth":null,"id":"6446489"},{"columnWidth":null,"id":"6446490"},{"columnWidth":null,"id":"6446491"},{"columnWidth":null,"id":"6446492"},{"columnWidth":null,"id":"6446493"},{"columnWidth":null,"id":"6446494"},{"columnWidth":null,"id":"6446495"},{"columnWidth":null,"id":"6446496"},{"columnWidth":null,"id":"6446497"},{"columnWidth":null,"id":"6446498"},{"columnWidth":null,"id":"6446499"},{"columnWidth":null,"id":"6446500"},{"columnWidth":null,"id":"6446501"},{"columnWidth":null,"id":"6446502"},{"columnWidth":null,"id":"6446503"},{"columnWidth":null,"id":"6446504"},{"columnWidth":null,"id":"6446505"},{"columnWidth":null,"id":"6446506"},{"columnWidth":null,"id":"6446507"}]}],"filter":{"category":null,"offset":null,"order":[],"q":null,"size":null,"sort":[]},"html":null,"keyFieldId":null,"name":"（すべて）","pager":null,"revision":null,"titleFieldId":null,"view":"20","viewType":"LIST"}]}],"description":"","iconKey":"APP39","iconMeta":null,"iconSrcAppId":"18f5315b-48d6-43d0-a949-c2c69d3f09bd","iconType":"PRESET","imagesMeta":[],"lookups":[],"name":"売上速報【時間別推移】","references":[],"version":"40"}